Empresa,Saida,NF,Descricao_produto,Linha,Origem_NF,Data_Emissao,Data_Cancelamento,Data_expedicao,Qtd_Parcela,Qtd_Prazo_Medio,Valor_Total_Nota,Qtd_Itens,Qtd_Volumes,Data_Saida,Qtd_Produto,Preco_Unitario,Valor_Total_Item,Custo_Item,Preco_Un_Pdv,Valor_Custo_Compra,Preco_Tabela,Cliente,Vendedor,Mes,Ano,Dia,Dia da Semana,Total_Custo_Compra,Total_Lucro_Venda_Item,situacao
GO MED HOSPITALAR,V,4131,"SOL. CLORETO SODIO 0,9% 10ML UN",MEDICAMENTOS,AL,02/05/2025,,,1,59,46736.9,17,95,,5000,0.69,3450.0,0.2,0.69,0.2,0.29,INSTITUTO DE DESENV. ENSINO E ASSIST. A SAUDE -IDEAS,DENIS SOUSA,5,2025,2,Sexta-feira,1000.0,2450.0,Faturada
GO MED HOSPITALAR,V,4159,DICLOFENACO DE SODIO 25MG/ML (DICLOFARMA) - 3ML AMP,MEDICAMENTOS,AL,05/05/2025,,,1,59,95697.18,74,1,,300,1.3,390.0,0.92,1.3,0.92,1.31,INSTITUTO DE DESENV. ENSINO E ASSIST. A SAUDE -IDEAS,DENIS SOUSA,5,2025,5,Segunda-feira,276.0,114.0,Faturada
GO MED HOSPITALAR,V,4161,DICLOFENACO DE SODIO 25MG/ML (DICLOFARMA) - 3ML AMP,MEDICAMENTOS,AL,05/05/2025,,05/05/2025,1,62,18881.9,33,32,05/05/2025,200,1.69,338.0,0.92,1.69,0.92,1.31,INSTITUTO SAO VICENTE FERRER,FABIAN SILVA,5,2025,5,Segunda-feira,184.0,154.0,Faturada
GO MED HOSPITALAR,V,4159,AGUA P/INJECAO 10ML AMP UN,MEDICAMENTOS,AL,05/05/2025,,,1,59,95697.18,74,1,,4000,0.49,1960.0,0.21,0.49,0.21,0.3,INSTITUTO DE DESENV. ENSINO E ASSIST. A SAUDE -IDEAS,DENIS SOUSA,5,2025,5,Segunda-feira,840.0,1120.0,Faturada
GO MED HOSPITALAR,V,4159,DIPIRONA MONOIDRATADA 500MG/ML 2ML (DIPIFARMA) AMP,MEDICAMENTOS,AL,05/05/2025,,,1,59,95697.18,74,1,,2500,1.96,4900.0,0.59,1.96,0.59,0.84,INSTITUTO DE DESENV. ENSINO E ASSIST. A SAUDE -IDEAS,DENIS SOUSA,5,2025,5,Segunda-feira,1475.0,3425.0,Faturada
GO MED HOSPITALAR,V,4161,DIPIRONA MONOIDRATADA 500MG/ML 2ML (DIPIFARMA) AMP,MEDICAMENTOS,AL,05/05/2025,,05/05/2025,1,62,18881.9,33,32,05/05/2025,400,1.09,436.0,0.59,1.09,0.59,0.84,INSTITUTO SAO VICENTE FERRER,FABIAN SILVA,5,2025,5,Segunda-feira,236.0,200.0,Faturada
GO MED HOSPITALAR,V,4161,BROMOPRIDA 5MG/ML 2ML. AMP AMP,MEDICAMENTOS,AL,05/05/2025,,05/05/2025,1,62,18881.9,33,32,05/05/2025,150,2.15,322.5,1.53,2.15,1.53,1.71,INSTITUTO SAO VICENTE FERRER,FABIAN SILVA,5,2025,5,Segunda-feira,229.23,93.27,Faturada
GO MED HOSPITALAR,V,4161,BROMOPRIDA 5MG/ML 2ML. AMP AMP,MEDICAMENTOS,AL,05/05/2025,,05/05/2025,1,62,18881.9,33,32,05/05/2025,200,2.15,430.0,1.53,2.15,1.53,1.71,INSTITUTO SAO VICENTE FERRER,FABIAN SILVA,5,2025,5,Segunda-feira,305.64,124.36,Faturada
GO MED HOSPITALAR,V,4159,METOCLOPRAMIDA INJ 10MG/2ML AMP,MEDICAMENTOS,AL,05/05/2025,,,1,59,95697.18,74,1,,700,1.47,1029.0,0.59,1.47,0.59,0.84,INSTITUTO DE DESENV. ENSINO E ASSIST. A SAUDE -IDEAS,DENIS SOUSA,5,2025,5,Segunda-feira,413.0,616.0,Faturada
GO MED HOSPITALAR,V,4153,COLETOR PERFURO CORTANTE 13 LTS UN,MATERIAL HOSPITALAR,AL,05/05/2025,,,1,30,736.5,4,4,,45,5.5,247.5,4.59,5.5,4.59,6.44,SAO CARLOS DIAGNOSTICO POR IMAGEM,FABIAN SILVA,5,2025,5,Segunda-feira,206.42,41.08,Faturada
GO MED HOSPITALAR,V,4157,COLETOR PERFURO CORTANTE 13 LTS UN,MATERIAL HOSPITALAR,AL,05/05/2025,,,1,59,41595.24,62,1,,140,7.5,1050.0,4.59,7.5,4.59,6.44,INSTITUTO DE DESENV. ENSINO E ASSIST. A SAUDE -IDEAS,DENIS SOUSA,5,2025,5,Segunda-feira,642.19,407.81,Faturada
GO MED HOSPITALAR,V,4164,LAMINA DE BISTURI N.23 UN,MATERIAL HOSPITALAR,AL,06/05/2025,,,1,28,904.0,3,1,,200,0.27,53.4,0.22,0.27,0.22,0.31,CEARENSE COMERCIO DE PROD HOSPITALARES EIRELI,CESAR GAMA,5,2025,6,Terça-feira,44.04,9.36,Faturada
GO MED HOSPITALAR,V,4164,LAMINA DE BISTURI N.23 UN,MATERIAL HOSPITALAR,AL,06/05/2025,,,1,28,904.0,3,1,,1800,0.27,480.6,0.22,0.27,0.22,0.31,CEARENSE COMERCIO DE PROD HOSPITALARES EIRELI,CESAR GAMA,5,2025,6,Terça-feira,396.36,84.24,Faturada
GO MED HOSPITALAR,V,4157,COLETOR DE URINA SF 2000ML UN,MATERIAL HOSPITALAR,AL,05/05/2025,,,1,59,41595.24,62,1,,100,4.89,489.0,3.2,4.89,3.2,4.57,INSTITUTO DE DESENV. ENSINO E ASSIST. A SAUDE -IDEAS,DENIS SOUSA,5,2025,5,Segunda-feira,320.0,169.0,Faturada
GO MED HOSPITALAR,V,4161,HIDROCORTISONA 100MG FA (GEN) FR,MEDICAMENTOS,AL,05/05/2025,,05/05/2025,1,62,18881.9,33,32,05/05/2025,100,5.07,507.0,3.09,5.07,3.09,4.04,INSTITUTO SAO VICENTE FERRER,FABIAN SILVA,5,2025,5,Segunda-feira,309.29,197.71,Faturada
GO MED HOSPITALAR,V,4159,CEFTRIAXONA 1G IM/IV UN,MEDICAMENTOS,AL,05/05/2025,,,1,59,95697.18,74,1,,700,7.9,5530.0,5.7,7.9,5.7,8.14,INSTITUTO DE DESENV. ENSINO E ASSIST. A SAUDE -IDEAS,DENIS SOUSA,5,2025,5,Segunda-feira,3990.0,1540.0,Faturada
GO MED HOSPITALAR,V,4159,CLINDAMICINA 150MG/ML AMP,MEDICAMENTOS,AL,05/05/2025,,,1,59,95697.18,74,1,,100,6.06,606.0,2.6,6.06,2.6,3.71,INSTITUTO DE DESENV. ENSINO E ASSIST. A SAUDE -IDEAS,DENIS SOUSA,5,2025,5,Segunda-feira,260.0,346.0,Faturada
GO MED HOSPITALAR,V,4159,"IPRATROPIO 0,25MG/ML GTS (GEN) FR",MEDICAMENTOS,AL,05/05/2025,,,1,59,95697.18,74,1,,100,2.74,274.0,0.94,2.74,0.94,1.33,INSTITUTO DE DESENV. ENSINO E ASSIST. A SAUDE -IDEAS,DENIS SOUSA,5,2025,5,Segunda-feira,93.58,180.42,Faturada
GO MED HOSPITALAR,V,4162,"IPRATROPIO 0,25MG/ML GTS (GEN) FR",MEDICAMENTOS,AL,05/05/2025,,05/05/2025,1,0,9316.7,14,8,05/05/2025,5,1.98,9.9,0.94,1.98,0.94,1.33,INSTITUTO SAO VICENTE FERRER,FABIAN SILVA,5,2025,5,Segunda-feira,4.68,5.22,Faturada
GO MED HOSPITALAR,V,4159,SOL. CLORETO POTASSIO 10% 10ML AMP,MEDICAMENTOS,AL,05/05/2025,,,1,59,95697.18,74,1,,200,0.96,192.0,0.6,0.96,0.6,0.86,INSTITUTO DE DESENV. ENSINO E ASSIST. A SAUDE -IDEAS,DENIS SOUSA,5,2025,5,Segunda-feira,120.0,72.0,Faturada
GO MED HOSPITALAR,V,4154,ALMOTOLIA NATURAL BICO RETO 250ML UND,MATERIAL HOSPITALAR,AL,05/05/2025,,,1,21,2149.0,6,3,,50,3.25,162.5,2.46,3.25,2.46,3.11,MEDICI HOSPITALAR,DENIS SOUSA,5,2025,5,Segunda-feira,122.78,39.72,Faturada
GO MED HOSPITALAR,V,4157,ALMOTOLIA NATURAL BICO RETO 250ML UND,MATERIAL HOSPITALAR,AL,05/05/2025,,,1,59,41595.24,62,1,,20,6.9,138.0,2.46,6.9,2.46,3.11,INSTITUTO DE DESENV. ENSINO E ASSIST. A SAUDE -IDEAS,DENIS SOUSA,5,2025,5,Segunda-feira,49.11,88.89,Faturada
GO MED HOSPITALAR,V,4157,SONDA URETRAL N.12 UN,MATERIAL HOSPITALAR,AL,05/05/2025,,,1,59,41595.24,62,1,,20,1.2,24.0,0.5,1.2,0.5,0.71,INSTITUTO DE DESENV. ENSINO E ASSIST. A SAUDE -IDEAS,DENIS SOUSA,5,2025,5,Segunda-feira,9.93,14.07,Faturada
GO MED HOSPITALAR,V,4151,"AGULHA DESC. 20 X 0,55MM UN",MATERIAL HOSPITALAR,CL,05/05/2025,,,2,30,839.1,14,1,,400,0.1,38.0,0.07,0.1,0.07,0.11,VETWORLD,VERIDIANA SERRA,5,2025,5,Segunda-feira,29.6,8.4,Faturada
GO MED HOSPITALAR,V,4160,"FITA MICROPORE 50MM X 4,5M RL",MATERIAL HOSPITALAR,AL,05/05/2025,,,1,30,321.8,3,2,,10,3.0,30.0,2.46,3.0,2.46,3.51,VIDEOSCOPIA DO CEARA LTDA,JORGE TOTE,5,2025,5,Segunda-feira,24.57,5.43,Faturada
GO MED HOSPITALAR,V,4131,CEFTRIAXONA 1G. AMP,MEDICAMENTOS,AL,02/05/2025,,,1,59,46736.9,17,95,,100,7.9,790.0,4.5,7.9,4.5,6.43,INSTITUTO DE DESENV. ENSINO E ASSIST. A SAUDE -IDEAS,DENIS SOUSA,5,2025,2,Sexta-feira,450.0,340.0,Faturada
GO MED HOSPITALAR,V,4157,"ESPARADRAPO 10CM X 4,5M UN",MATERIAL HOSPITALAR,AL,05/05/2025,,,1,59,41595.24,62,1,,36,12.9,464.4,7.04,12.9,7.04,10.0,INSTITUTO DE DESENV. ENSINO E ASSIST. A SAUDE -IDEAS,DENIS SOUSA,5,2025,5,Segunda-feira,253.58,210.82,Faturada
GO MED HOSPITALAR,V,4162,"ESPARADRAPO 10CM X 4,5M UN",MATERIAL HOSPITALAR,AL,05/05/2025,,05/05/2025,1,0,9316.7,14,8,05/05/2025,12,12.9,154.8,7.04,12.9,7.04,10.0,INSTITUTO SAO VICENTE FERRER,FABIAN SILVA,5,2025,5,Segunda-feira,84.53,70.27,Faturada
GO MED HOSPITALAR,V,4131,ACIDO TRANEXAMICO 250MG/ML AMP 5ML (GEN) AMP,MEDICAMENTOS,AL,02/05/2025,,,1,59,46736.9,17,95,,400,8.3,3320.0,3.6,8.3,3.6,5.14,INSTITUTO DE DESENV. ENSINO E ASSIST. A SAUDE -IDEAS,DENIS SOUSA,5,2025,2,Sexta-feira,1440.0,1880.0,Faturada
GO MED HOSPITALAR,V,4130,"SOL. CLORETO SODIO 0,9% 250ML FR",MEDICAMENTOS,AL,02/05/2025,,,3,45,5174.0,5,29,,170,4.15,705.5,3.6,4.15,3.6,5.14,MEDICI HOSPITALAR,CESAR GAMA,5,2025,2,Sexta-feira,612.0,93.5,Faturada
GO MED HOSPITALAR,V,4130,"SOL. CLORETO SODIO 0,9% 250ML FR",MEDICAMENTOS,AL,02/05/2025,,,3,45,5174.0,5,29,,384,4.15,1593.6,3.6,4.15,3.6,5.14,MEDICI HOSPITALAR,CESAR GAMA,5,2025,2,Sexta-feira,1382.4,211.2,Faturada
GO MED HOSPITALAR,V,4130,"SOL. CLORETO SODIO 0,9% 250ML FR",MEDICAMENTOS,AL,02/05/2025,,,3,45,5174.0,5,29,,350,4.15,1452.5,3.6,4.15,3.6,5.14,MEDICI HOSPITALAR,CESAR GAMA,5,2025,2,Sexta-feira,1260.0,192.5,Faturada
GO MED HOSPITALAR,V,4130,"SOL. CLORETO SODIO 0,9% 250ML FR",MEDICAMENTOS,AL,02/05/2025,,,3,45,5174.0,5,29,,96,4.15,398.4,3.6,4.15,3.6,5.14,MEDICI HOSPITALAR,CESAR GAMA,5,2025,2,Sexta-feira,345.6,52.8,Faturada
GO MED HOSPITALAR,V,4155,"SOL. CLORETO SODIO 0,9% 250ML FR",MEDICAMENTOS,AL,05/05/2025,,,1,30,660.0,3,4,,48,4.5,216.0,3.6,4.5,3.6,5.14,CLINICA BEROALDO JUREMA,FABIAN SILVA,5,2025,5,Segunda-feira,172.8,43.2,Faturada
GO MED HOSPITALAR,V,4159,"SOL. CLORETO SODIO 0,9% 250ML FR",MEDICAMENTOS,AL,05/05/2025,,,1,59,95697.18,74,1,,200,6.67,1334.0,3.6,6.67,3.6,5.14,INSTITUTO DE DESENV. ENSINO E ASSIST. A SAUDE -IDEAS,DENIS SOUSA,5,2025,5,Segunda-feira,720.0,614.0,Faturada
GO MED HOSPITALAR,V,4161,"SOL. CLORETO SODIO 0,9% 250ML FR",MEDICAMENTOS,AL,05/05/2025,,05/05/2025,1,62,18881.9,33,32,05/05/2025,80,6.45,516.0,3.6,6.45,3.6,5.14,INSTITUTO SAO VICENTE FERRER,FABIAN SILVA,5,2025,5,Segunda-feira,288.0,228.0,Faturada
GO MED HOSPITALAR,V,4159,"PIPERACILINA+TAZOBACTAM 4,5G FA FR",MEDICAMENTOS,AL,05/05/2025,,,1,59,95697.18,74,1,,250,30.97,7742.5,20.0,30.97,20.0,28.57,INSTITUTO DE DESENV. ENSINO E ASSIST. A SAUDE -IDEAS,DENIS SOUSA,5,2025,5,Segunda-feira,5000.0,2742.5,Faturada
GO MED HOSPITALAR,V,4131,BENZILPENICILINA BENZATINA (BEPEBEN) 1.200.000UI F/A INJ.  UN UN,MEDICAMENTOS,AL,02/05/2025,,,1,59,46736.9,17,95,,200,12.78,2556.0,5.39,12.78,5.39,7.37,INSTITUTO DE DESENV. ENSINO E ASSIST. A SAUDE -IDEAS,DENIS SOUSA,5,2025,2,Sexta-feira,1077.76,1478.24,Faturada
GO MED HOSPITALAR,V,4148,BENZILPENICILINA BENZATINA (BEPEBEN) 1.200.000UI F/A INJ.  UN UN,MEDICAMENTOS,AL,05/05/2025,,05/05/2025,2,45,645.0,1,1,05/05/2025,100,6.45,645.0,5.39,6.45,5.39,7.37,INSTITUTO PRAXIS (SAO BENEDITO),VERIDIANA SERRA,5,2025,5,Segunda-feira,538.88,106.12,Faturada
GO MED HOSPITALAR,V,4161,BENZILPENICILINA BENZATINA (BEPEBEN) 1.200.000UI F/A INJ.  UN UN,MEDICAMENTOS,AL,05/05/2025,,05/05/2025,1,62,18881.9,33,32,05/05/2025,150,9.23,1384.5,5.39,9.23,5.39,7.37,INSTITUTO SAO VICENTE FERRER,FABIAN SILVA,5,2025,5,Segunda-feira,808.32,576.18,Faturada
GO MED HOSPITALAR,V,4157,EQUIPO MACROGOTAS COMPLETO LUER SLIP (POLYBAG) UN,MATERIAL HOSPITALAR,AL,05/05/2025,,,1,59,41595.24,62,1,,2000,1.89,3780.0,0.73,1.89,0.73,1.04,INSTITUTO DE DESENV. ENSINO E ASSIST. A SAUDE -IDEAS,DENIS SOUSA,5,2025,5,Segunda-feira,1468.8,2311.2,Faturada
GO MED HOSPITALAR,V,4159,HIDROCORTISONA 500MG (ANDROCORTIL) UN,MEDICAMENTOS,AL,05/05/2025,,,1,59,95697.18,74,1,,200,8.15,1630.0,4.51,8.15,4.52,6.46,INSTITUTO DE DESENV. ENSINO E ASSIST. A SAUDE -IDEAS,DENIS SOUSA,5,2025,5,Segunda-feira,902.58,727.42,Faturada
GO MED HOSPITALAR,V,4161,HIDROCORTISONA 500MG (ANDROCORTIL) UN,MEDICAMENTOS,AL,05/05/2025,,05/05/2025,1,62,18881.9,33,32,05/05/2025,50,8.06,403.0,4.51,8.06,4.52,6.46,INSTITUTO SAO VICENTE FERRER,FABIAN SILVA,5,2025,5,Segunda-feira,225.64,177.36,Faturada
GO MED HOSPITALAR,V,4159,BUTIL ESCOP. SIMPLES 20MG/ML (GEN) 1ML UN,MEDICAMENTOS,AL,05/05/2025,,,1,59,95697.18,74,1,,400,1.75,700.0,1.26,1.75,1.3,1.86,INSTITUTO DE DESENV. ENSINO E ASSIST. A SAUDE -IDEAS,DENIS SOUSA,5,2025,5,Segunda-feira,502.92,197.08,Faturada
GO MED HOSPITALAR,V,4161,BUTIL ESCOP. SIMPLES 20MG/ML (GEN) 1ML UN,MEDICAMENTOS,AL,05/05/2025,,05/05/2025,1,62,18881.9,33,32,05/05/2025,100,2.32,232.0,1.26,2.32,1.3,1.86,INSTITUTO SAO VICENTE FERRER,FABIAN SILVA,5,2025,5,Segunda-feira,125.73,106.27,Faturada
GO MED HOSPITALAR,V,4159,"HEPARINA 5000UI/0,25ML (PARINEX) AMP",MEDICAMENTOS,AL,05/05/2025,,,1,59,95697.18,74,1,,50,10.41,520.5,5.0,10.41,5.0,7.14,INSTITUTO DE DESENV. ENSINO E ASSIST. A SAUDE -IDEAS,DENIS SOUSA,5,2025,5,Segunda-feira,250.12,270.38,Faturada
GO MED HOSPITALAR,V,4157,TOUCA DESC. C/ELASTICO PC,MATERIAL HOSPITALAR,AL,05/05/2025,,,1,59,41595.24,62,1,,8,11.9,95.2,5.61,11.9,7.93,10.93,INSTITUTO DE DESENV. ENSINO E ASSIST. A SAUDE -IDEAS,DENIS SOUSA,5,2025,5,Segunda-feira,44.85,50.35,Faturada
GO MED HOSPITALAR,V,4157,TOUCA DESC. C/ELASTICO PC,MATERIAL HOSPITALAR,AL,05/05/2025,,,1,59,41595.24,62,1,,2,11.9,23.8,5.61,11.9,7.93,10.93,INSTITUTO DE DESENV. ENSINO E ASSIST. A SAUDE -IDEAS,DENIS SOUSA,5,2025,5,Segunda-feira,11.21,12.59,Faturada
GO MED HOSPITALAR,V,4157,FITA ADESIVA HOSP. 19MM X 50M UN,MATERIAL HOSPITALAR,AL,05/05/2025,,,1,59,41595.24,62,1,,20,8.2,164.0,3.18,8.2,3.18,4.54,INSTITUTO DE DESENV. ENSINO E ASSIST. A SAUDE -IDEAS,DENIS SOUSA,5,2025,5,Segunda-feira,63.56,100.44,Faturada
GO MED HOSPITALAR,V,4151,"COMPRESSA DE GAZE 7,5CMX7,5CM 09 FIOS C/500 REBECCA PC",MATERIAL HOSPITALAR,CL,05/05/2025,,,2,30,839.1,14,1,,4,23.0,92.0,15.81,23.0,15.81,26.56,VETWORLD,VERIDIANA SERRA,5,2025,5,Segunda-feira,63.24,28.76,Faturada
GO MED HOSPITALAR,V,4131,HIDRALAZINA 20MG/1ML (NEPRESOL) AMP,MEDICAMENTOS,AL,02/05/2025,,,1,59,46736.9,17,95,,200,14.2,2840.0,6.02,14.2,6.02,8.56,INSTITUTO DE DESENV. ENSINO E ASSIST. A SAUDE -IDEAS,DENIS SOUSA,5,2025,2,Sexta-feira,1203.22,1636.78,Faturada
GO MED HOSPITALAR,V,4135,ABAIXADOR DE LINGUA MADEIRA C/100 UN PCT,MATERIAL HOSPITALAR,AL,02/05/2025,,,1,59,16760.0,11,17,,19,6.9,131.1,5.19,6.9,5.19,7.41,INSTITUTO DE DESENV. ENSINO E ASSIST. A SAUDE -IDEAS,DENIS SOUSA,5,2025,2,Sexta-feira,98.61,32.49,Faturada
GO MED HOSPITALAR,V,4135,ABAIXADOR DE LINGUA MADEIRA C/100 UN PCT,MATERIAL HOSPITALAR,AL,02/05/2025,,,1,59,16760.0,11,17,,1,6.9,6.9,5.19,6.9,5.19,7.41,INSTITUTO DE DESENV. ENSINO E ASSIST. A SAUDE -IDEAS,DENIS SOUSA,5,2025,2,Sexta-feira,5.19,1.71,Faturada
GO MED HOSPITALAR,V,4157,"LUVA CIR. ESTERIL 7,0 UN",MATERIAL HOSPITALAR,AL,05/05/2025,,,1,59,41595.24,62,1,,100,1.59,159.0,1.06,1.59,1.06,1.51,INSTITUTO DE DESENV. ENSINO E ASSIST. A SAUDE -IDEAS,DENIS SOUSA,5,2025,5,Segunda-feira,106.04,52.96,Faturada
GO MED HOSPITALAR,V,4145,ABSORVENTE GERIATRICO PCT.C/20UND (N) PC,MATERIAL HOSPITALAR,AL,05/05/2025,,,1,30,47.83,4,1,,2,8.66,17.32,10.93,8.66,10.93,11.08,VERIDIANA RIBEIRO SERRA AZUL,GERAL VENDAS,5,2025,5,Segunda-feira,21.86,-4.54,Faturada
GO MED HOSPITALAR,V,4150,CLOREXIDINA 2% DEGER (CHLORCLEAR 1LT FR,MEDICAMENTOS,AL,05/05/2025,,,1,30,677.88,2,1,,36,14.44,519.84,11.41,14.44,11.41,16.5,HOSPITAL SAO RAIMUNDO,VERIDIANA SERRA,5,2025,5,Segunda-feira,410.81,109.03,Faturada
GO MED HOSPITALAR,V,4151,CLOREXIDINA 2% DEGER (CHLORCLEAR 1LT FR,MEDICAMENTOS,CL,05/05/2025,,,2,30,839.1,14,1,,2,16.0,32.0,11.41,16.0,11.41,16.5,VETWORLD,VERIDIANA SERRA,5,2025,5,Segunda-feira,22.82,9.18,Faturada
GO MED HOSPITALAR,V,4159,"SOL. CLORETO SODIO 0,9% 500ML FR",MEDICAMENTOS,AL,05/05/2025,,,1,59,95697.18,74,1,,1200,8.16,9792.0,4.6,8.16,4.6,6.57,INSTITUTO DE DESENV. ENSINO E ASSIST. A SAUDE -IDEAS,DENIS SOUSA,5,2025,5,Segunda-feira,5520.0,4272.0,Faturada
GO MED HOSPITALAR,V,4154,CETOPROFENO 50MG/ML 2ML AMP,MEDICAMENTOS,AL,05/05/2025,,,1,21,2149.0,6,3,,400,1.44,576.0,1.25,1.44,1.25,1.64,MEDICI HOSPITALAR,DENIS SOUSA,5,2025,5,Segunda-feira,498.6,77.4,Faturada
GO MED HOSPITALAR,V,4159,CETOPROFENO 50MG/ML 2ML AMP,MEDICAMENTOS,AL,05/05/2025,,,1,59,95697.18,74,1,,1500,2.52,3780.0,1.25,2.52,1.25,1.64,INSTITUTO DE DESENV. ENSINO E ASSIST. A SAUDE -IDEAS,DENIS SOUSA,5,2025,5,Segunda-feira,1869.75,1910.25,Faturada
GO MED HOSPITALAR,V,4161,CETOPROFENO 50MG/ML 2ML AMP,MEDICAMENTOS,AL,05/05/2025,,05/05/2025,1,62,18881.9,33,32,05/05/2025,300,2.52,756.0,1.25,2.52,1.25,1.64,INSTITUTO SAO VICENTE FERRER,FABIAN SILVA,5,2025,5,Segunda-feira,373.95,382.05,Faturada
GO MED HOSPITALAR,V,4162,CETOPROFENO 50MG/ML 2ML AMP,MEDICAMENTOS,AL,05/05/2025,,05/05/2025,1,0,9316.7,14,8,05/05/2025,100,2.06,206.0,1.25,2.06,1.25,1.64,INSTITUTO SAO VICENTE FERRER,FABIAN SILVA,5,2025,5,Segunda-feira,124.65,81.35,Faturada
GO MED HOSPITALAR,V,4159,SUXAMETONIO 100MG PO INJ F/A (SUCCITRAT) FR,MEDICAMENTOS,AL,05/05/2025,,,1,59,95697.18,74,1,,10,39.99,399.9,18.69,39.99,18.69,26.7,INSTITUTO DE DESENV. ENSINO E ASSIST. A SAUDE -IDEAS,DENIS SOUSA,5,2025,5,Segunda-feira,186.9,213.0,Faturada
GO MED HOSPITALAR,V,4161,SUXAMETONIO 100MG PO INJ F/A (SUCCITRAT) FR,MEDICAMENTOS,AL,05/05/2025,,05/05/2025,1,62,18881.9,33,32,05/05/2025,10,33.36,333.6,18.69,33.36,18.69,26.7,INSTITUTO SAO VICENTE FERRER,FABIAN SILVA,5,2025,5,Segunda-feira,186.9,146.7,Faturada
GO MED HOSPITALAR,V,4128,FENTANILA 50MCG/10ML(GEN) A1 AMP,MEDICAMENTOS,AL,02/05/2025,,,1,59,1832.0,1,1,,400,4.58,1832.0,3.2,4.58,3.2,4.57,VIVA RIO,FABIAN SILVA,5,2025,2,Sexta-feira,1280.12,551.88,Faturada
GO MED HOSPITALAR,V,4159,FENTANILA 50MCG/10ML(GEN) A1 AMP,MEDICAMENTOS,AL,05/05/2025,,,1,59,95697.18,74,1,,300,8.15,2445.0,3.2,8.15,3.2,4.57,INSTITUTO DE DESENV. ENSINO E ASSIST. A SAUDE -IDEAS,DENIS SOUSA,5,2025,5,Segunda-feira,960.09,1484.91,Faturada
GO MED HOSPITALAR,V,4161,FENTANILA 50MCG/10ML(GEN) A1 AMP,MEDICAMENTOS,AL,05/05/2025,,05/05/2025,1,62,18881.9,33,32,05/05/2025,100,5.69,569.0,3.2,5.69,3.2,4.57,INSTITUTO SAO VICENTE FERRER,FABIAN SILVA,5,2025,5,Segunda-feira,320.03,248.97,Faturada
GO MED HOSPITALAR,V,4158,TRAMADOL 100MG/2ML (GEN) A2 (+) AMP,MEDICAMENTOS,AL,05/05/2025,,,1,28,834.0,2,1,,300,1.4,420.0,1.22,1.4,1.22,1.71,SOLUCOES MEDICAS COMERCIO E DISTRIBUIDORA DE PRODUTO,CESAR GAMA,5,2025,5,Segunda-feira,366.81,53.19,Faturada
GO MED HOSPITALAR,V,4159,TRAMADOL 100MG/2ML (GEN) A2 (+) AMP,MEDICAMENTOS,AL,05/05/2025,,,1,59,95697.18,74,1,,800,2.67,2136.0,1.22,2.67,1.22,1.71,INSTITUTO DE DESENV. ENSINO E ASSIST. A SAUDE -IDEAS,DENIS SOUSA,5,2025,5,Segunda-feira,978.16,1157.84,Faturada
GO MED HOSPITALAR,V,4161,TRAMADOL 100MG/2ML (GEN) A2 (+) AMP,MEDICAMENTOS,AL,05/05/2025,,05/05/2025,1,62,18881.9,33,32,05/05/2025,100,2.15,215.0,1.22,2.15,1.22,1.71,INSTITUTO SAO VICENTE FERRER,FABIAN SILVA,5,2025,5,Segunda-feira,122.27,92.73,Faturada
GO MED HOSPITALAR,V,4154,FUROSEMIDA 10MG/2ML GEN AMP,MEDICAMENTOS,AL,05/05/2025,,,1,21,2149.0,6,3,,200,0.94,188.0,0.83,0.94,0.83,1.07,MEDICI HOSPITALAR,DENIS SOUSA,5,2025,5,Segunda-feira,165.12,22.88,Faturada
GO MED HOSPITALAR,V,4159,FUROSEMIDA 10MG/2ML GEN AMP,MEDICAMENTOS,AL,05/05/2025,,,1,59,95697.18,74,1,,200,1.96,392.0,0.83,1.96,0.83,1.07,INSTITUTO DE DESENV. ENSINO E ASSIST. A SAUDE -IDEAS,DENIS SOUSA,5,2025,5,Segunda-feira,165.12,226.88,Faturada
GO MED HOSPITALAR,V,4161,OMEPRAZOL 20MG (GEN) CPR,MEDICAMENTOS,AL,05/05/2025,,05/05/2025,1,62,18881.9,33,32,05/05/2025,80,0.18,14.4,0.09,0.18,0.09,0.13,INSTITUTO SAO VICENTE FERRER,FABIAN SILVA,5,2025,5,Segunda-feira,7.39,7.01,Faturada
GO MED HOSPITALAR,V,4131,OMEPRAZOL 40MG FA+DIL PO INJ FA,MEDICAMENTOS,AL,02/05/2025,,,1,59,46736.9,17,95,,50,24.45,1222.5,8.42,24.45,8.42,12.14,INSTITUTO DE DESENV. ENSINO E ASSIST. A SAUDE -IDEAS,DENIS SOUSA,5,2025,2,Sexta-feira,421.12,801.38,Faturada
GO MED HOSPITALAR,V,4131,OMEPRAZOL 40MG FA+DIL PO INJ FA,MEDICAMENTOS,AL,02/05/2025,,,1,59,46736.9,17,95,,50,24.45,1222.5,8.42,24.45,8.42,12.14,INSTITUTO DE DESENV. ENSINO E ASSIST. A SAUDE -IDEAS,DENIS SOUSA,5,2025,2,Sexta-feira,421.12,801.38,Faturada
GO MED HOSPITALAR,V,4159,SOL. GLICO-FISIOLOGICO 1:1 500ML FR,MEDICAMENTOS,AL,05/05/2025,,,1,59,95697.18,74,1,,120,11.41,1369.2,5.71,11.41,5.71,8.0,INSTITUTO DE DESENV. ENSINO E ASSIST. A SAUDE -IDEAS,DENIS SOUSA,5,2025,5,Segunda-feira,685.5,683.7,Faturada
GO MED HOSPITALAR,V,4151,SCALP 21G UN,MATERIAL HOSPITALAR,CL,05/05/2025,,,2,30,839.1,14,1,,100,0.24,24.0,0.2,0.24,0.2,0.27,VETWORLD,VERIDIANA SERRA,5,2025,5,Segunda-feira,19.56,4.44,Faturada
GO MED HOSPITALAR,V,4151,SCALP 23G UN,MATERIAL HOSPITALAR,CL,05/05/2025,,,2,30,839.1,14,1,,200,0.28,56.0,0.22,0.28,0.22,0.32,VETWORLD,VERIDIANA SERRA,5,2025,5,Segunda-feira,44.32,11.68,Faturada
GO MED HOSPITALAR,V,4157,"AGULHA DESC. C/ DISP. SEG. 25 X 0,70MM cx",MATERIAL HOSPITALAR,AL,05/05/2025,,,1,59,41595.24,62,1,,30,31.0,930.0,28.23,31.0,28.23,40.6,INSTITUTO DE DESENV. ENSINO E ASSIST. A SAUDE -IDEAS,DENIS SOUSA,5,2025,5,Segunda-feira,846.79,83.21,Faturada
GO MED HOSPITALAR,V,4137,FILME P/RAIO-X (HR-U) 24CM X 30CM - CX.C/100UND (N) CX,MATERIAL HOSPITALAR,AL,02/05/2025,,,1,59,6668.9,3,3,,3,369.9,1109.7,233.78,369.9,233.78,333.96,INSTITUTO DE EXCELENCIA EM SAUDE PUBLICA,DENIS SOUSA,5,2025,2,Sexta-feira,701.36,408.34,Faturada
GO MED HOSPITALAR,V,4137,FILME P/RAIO-X (HR-U) 35CM X 35CM - CX.C/100UND (N) CX,MATERIAL HOSPITALAR,AL,02/05/2025,,,1,59,6668.9,3,3,,3,619.9,1859.7,397.76,619.9,397.76,568.2,INSTITUTO DE EXCELENCIA EM SAUDE PUBLICA,DENIS SOUSA,5,2025,2,Sexta-feira,1193.29,666.41,Faturada
GO MED HOSPITALAR,V,4137,FILME P/RAIO-X (HR-U) 35CM X 43CM - CX.C/100UND (N) CX,MATERIAL HOSPITALAR,AL,02/05/2025,,,1,59,6668.9,3,3,,5,739.9,3699.5,488.68,739.9,488.68,698.08,INSTITUTO DE EXCELENCIA EM SAUDE PUBLICA,DENIS SOUSA,5,2025,2,Sexta-feira,2443.39,1256.11,Faturada
GO MED HOSPITALAR,V,4157,FIO NYLON 2-0 45CM AG 3/8 CIRC TRIANG 30MM CX,MATERIAL HOSPITALAR,AL,05/05/2025,,,1,59,41595.24,62,1,,1,45.6,45.6,24.5,45.6,24.5,35.0,INSTITUTO DE DESENV. ENSINO E ASSIST. A SAUDE -IDEAS,DENIS SOUSA,5,2025,5,Segunda-feira,24.5,21.1,Faturada
GO MED HOSPITALAR,V,4161,VITAMINA K 10MG/ML 1ML (HYVIT) IM/SUB(+) AMP,MEDICAMENTOS,AL,05/05/2025,,05/05/2025,1,62,18881.9,33,32,05/05/2025,50,4.19,209.5,2.6,4.19,2.61,3.71,INSTITUTO SAO VICENTE FERRER,FABIAN SILVA,5,2025,5,Segunda-feira,129.93,79.57,Faturada
GO MED HOSPITALAR,V,4159,PROPOFOL 10MG/ML (PROPOVAN) FR/AMP,MEDICAMENTOS,AL,05/05/2025,,,1,59,95697.18,74,1,,150,18.9,2835.0,11.96,18.9,11.96,17.08,INSTITUTO DE DESENV. ENSINO E ASSIST. A SAUDE -IDEAS,DENIS SOUSA,5,2025,5,Segunda-feira,1794.0,1041.0,Faturada
GO MED HOSPITALAR,V,4151,"SERINGA DESC. 01ML C/AG 13X4,5 LUER SLIP UN",MATERIAL HOSPITALAR,CL,05/05/2025,,,2,30,839.1,14,1,,500,0.22,110.0,0.17,0.22,0.17,0.24,VETWORLD,VERIDIANA SERRA,5,2025,5,Segunda-feira,85.65,24.35,Faturada
GO MED HOSPITALAR,V,4157,"SERINGA DESC. 01ML C/AG 13X4,5 LUER SLIP UN",MATERIAL HOSPITALAR,AL,05/05/2025,,,1,59,41595.24,62,1,,500,0.25,125.0,0.17,0.25,0.17,0.24,INSTITUTO DE DESENV. ENSINO E ASSIST. A SAUDE -IDEAS,DENIS SOUSA,5,2025,5,Segunda-feira,85.65,39.35,Faturada
GO MED HOSPITALAR,V,4159,LEVOFLOXACINO 5MG/ML 100ML (GEN) BOL,MEDICAMENTOS,AL,05/05/2025,,,1,59,95697.18,74,1,,10,22.92,229.2,10.65,22.92,10.65,15.21,INSTITUTO DE DESENV. ENSINO E ASSIST. A SAUDE -IDEAS,DENIS SOUSA,5,2025,5,Segunda-feira,106.5,122.7,Faturada
GO MED HOSPITALAR,V,4158,FILTRO BACTERIANO HEPA ADULTO UN MEDIX UN,MATERIAL HOSPITALAR,AL,05/05/2025,,,1,28,834.0,2,1,,30,13.8,414.0,11.0,13.8,11.0,15.71,SOLUCOES MEDICAS COMERCIO E DISTRIBUIDORA DE PRODUTO,CESAR GAMA,5,2025,5,Segunda-feira,330.0,84.0,Faturada
GO MED HOSPITALAR,V,4165,AGULHA RAQ QUINCK 22G UN,MATERIAL HOSPITALAR,AL,06/05/2025,,,1,30,1715.0,1,1,,500,3.43,1715.0,2.74,3.43,2.74,3.86,ISGH ARMAZEM CENTRAL,VERIDIANA SERRA,5,2025,6,Terça-feira,1370.0,345.0,Faturada
GO MED HOSPITALAR,V,4134,CATETER INTRAVENOSO 24G C/ 50 UN UN,MATERIAL HOSPITALAR,AL,02/05/2025,,,1,21,496.9,6,3,,100,1.1,110.0,0.78,1.1,0.78,1.1,COAPH,DENIS SOUSA,5,2025,2,Sexta-feira,77.58,32.42,Faturada
GO MED HOSPITALAR,V,4151,SONDA URETRAL N.04 UN,MATERIAL HOSPITALAR,CL,05/05/2025,,,2,30,839.1,14,1,,20,0.54,10.8,0.43,0.54,0.43,0.62,VETWORLD,VERIDIANA SERRA,5,2025,5,Segunda-feira,8.62,2.18,Faturada
GO MED HOSPITALAR,V,4129,LUVA DE PROCEDIMENTO.(M) C/100 CX,MATERIAL HOSPITALAR,AL,02/05/2025,,,1,30,1568.7,1,1,,63,24.9,1568.7,17.98,24.9,17.98,25.74,IGC,FABIAN SILVA,5,2025,2,Sexta-feira,1133.03,435.67,Faturada
GO MED HOSPITALAR,V,4135,LUVA DE PROCEDIMENTO.(M) C/100 CX,MATERIAL HOSPITALAR,AL,02/05/2025,,,1,59,16760.0,11,17,,100,32.9,3290.0,17.98,32.9,17.98,25.74,INSTITUTO DE DESENV. ENSINO E ASSIST. A SAUDE -IDEAS,DENIS SOUSA,5,2025,2,Sexta-feira,1798.46,1491.54,Faturada
GO MED HOSPITALAR,V,4157,TAMPA VEDANTE LUER LOCK/SLIP UN,MATERIAL HOSPITALAR,AL,05/05/2025,,,1,59,41595.24,62,1,,1400,0.39,546.0,0.15,0.39,0.15,0.21,INSTITUTO DE DESENV. ENSINO E ASSIST. A SAUDE -IDEAS,DENIS SOUSA,5,2025,5,Segunda-feira,209.16,336.84,Faturada
GO MED HOSPITALAR,V,4157,LUVA CIR. ESTERIL 7.5 UN,MATERIAL HOSPITALAR,AL,05/05/2025,,,1,59,41595.24,62,1,,150,1.59,238.5,1.06,1.59,1.06,1.51,INSTITUTO DE DESENV. ENSINO E ASSIST. A SAUDE -IDEAS,DENIS SOUSA,5,2025,5,Segunda-feira,158.91,79.59,Faturada
GO MED HOSPITALAR,V,4131,HIDROCORTISONA 100MG IV/IM INJ(CORTISONAL) - UNIAO QUIMICA (+) FA,MEDICAMENTOS,AL,02/05/2025,,,1,59,46736.9,17,95,,400,6.52,2608.0,3.19,6.52,3.19,4.57,INSTITUTO DE DESENV. ENSINO E ASSIST. A SAUDE -IDEAS,DENIS SOUSA,5,2025,2,Sexta-feira,1276.88,1331.12,Faturada
GO MED HOSPITALAR,V,4143,DEXAMETASONA CREME 10G TB,MEDICAMENTOS,AL,05/05/2025,,,1,30,46.09,6,1,,3,1.69,5.07,1.52,1.69,1.52,2.17,THIAGO DA SILVA SOUSA,GERAL VENDAS,5,2025,5,Segunda-feira,4.56,0.51,Faturada
GO MED HOSPITALAR,V,4159,MIDAZOLAM 5MG/10ML (GEN) B1 AMP,MEDICAMENTOS,AL,05/05/2025,,,1,59,95697.18,74,1,,100,6.19,619.0,3.52,6.19,3.52,4.79,INSTITUTO DE DESENV. ENSINO E ASSIST. A SAUDE -IDEAS,DENIS SOUSA,5,2025,5,Segunda-feira,352.5,266.5,Faturada
GO MED HOSPITALAR,V,4138,NOREPINEFRINA 2MG/ML 4ML AMP,MEDICAMENTOS,AL,02/05/2025,,,1,30,1717.1,3,2,,50,2.05,102.5,1.61,2.05,1.61,2.14,LIMO MED DISTRIBUIDORA LTDA,FABIAN SILVA,5,2025,2,Sexta-feira,80.28,22.22,Faturada
GO MED HOSPITALAR,V,4154,NOREPINEFRINA 2MG/ML 4ML AMP,MEDICAMENTOS,AL,05/05/2025,,,1,21,2149.0,6,3,,300,1.88,564.0,1.61,1.88,1.61,2.14,MEDICI HOSPITALAR,DENIS SOUSA,5,2025,5,Segunda-feira,481.65,82.35,Faturada
GO MED HOSPITALAR,V,4159,NOREPINEFRINA 2MG/ML 4ML AMP,MEDICAMENTOS,AL,05/05/2025,,,1,59,95697.18,74,1,,200,5.22,1044.0,1.61,5.22,1.61,2.14,INSTITUTO DE DESENV. ENSINO E ASSIST. A SAUDE -IDEAS,DENIS SOUSA,5,2025,5,Segunda-feira,321.1,722.9,Faturada
GO MED HOSPITALAR,V,4159,PREDNISOLONA 3MG/ML 60ML GEN (G) FR,MEDICAMENTOS,AL,05/05/2025,,,1,59,95697.18,74,1,,40,7.83,313.2,5.4,7.83,5.4,7.71,INSTITUTO DE DESENV. ENSINO E ASSIST. A SAUDE -IDEAS,DENIS SOUSA,5,2025,5,Segunda-feira,216.0,97.2,Faturada
GO MED HOSPITALAR,V,4159,DRAMIN B6 DL 3+5+100+100MG 10ML AMP,MEDICAMENTOS,AL,05/05/2025,,,1,59,95697.18,74,1,,100,14.51,1451.0,8.89,14.51,8.89,12.7,INSTITUTO DE DESENV. ENSINO E ASSIST. A SAUDE -IDEAS,DENIS SOUSA,5,2025,5,Segunda-feira,888.7,562.3,Faturada
GO MED HOSPITALAR,V,4161,VITAMINA C (ACIDO ASCORBICO) 500MG 5ML AMP,MEDICAMENTOS,AL,05/05/2025,,05/05/2025,1,62,18881.9,33,32,05/05/2025,100,1.69,169.0,0.92,1.69,0.92,1.36,INSTITUTO SAO VICENTE FERRER,FABIAN SILVA,5,2025,5,Segunda-feira,92.1,76.9,Faturada
GO MED HOSPITALAR,V,4159,VITAMINA K 10MG/ML (FITOMENADIONA) - 1ML AMP,MEDICAMENTOS,AL,05/05/2025,,,1,59,95697.18,74,1,,50,3.1,155.0,1.95,3.1,1.95,2.79,INSTITUTO DE DESENV. ENSINO E ASSIST. A SAUDE -IDEAS,DENIS SOUSA,5,2025,5,Segunda-feira,97.5,57.5,Faturada
GO MED HOSPITALAR,V,4159,LIDOCAINA 2% S/VASO 5ML AMP,MEDICAMENTOS,AL,05/05/2025,,,1,59,95697.18,74,1,,100,2.2,220.0,1.29,2.2,1.29,1.84,INSTITUTO DE DESENV. ENSINO E ASSIST. A SAUDE -IDEAS,DENIS SOUSA,5,2025,5,Segunda-feira,129.0,91.0,Faturada
GO MED HOSPITALAR,V,4131,OXACILINA 500MG INJ. F/A (OXANON) FA,MEDICAMENTOS,AL,02/05/2025,,,1,59,46736.9,17,95,,400,7.9,3160.0,4.29,7.9,4.29,5.7,INSTITUTO DE DESENV. ENSINO E ASSIST. A SAUDE -IDEAS,DENIS SOUSA,5,2025,2,Sexta-feira,1716.36,1443.64,Faturada
GO MED HOSPITALAR,V,4159,VASOPRESSINA 20 U/ML 1ML (ENCRISE) AMP,MEDICAMENTOS,AL,05/05/2025,,,1,59,95697.18,74,1,,20,51.1,1022.0,27.91,51.1,27.82,39.81,INSTITUTO DE DESENV. ENSINO E ASSIST. A SAUDE -IDEAS,DENIS SOUSA,5,2025,5,Segunda-feira,558.15,463.85,Faturada
GO MED HOSPITALAR,V,4146,DETERGENTE ENZIMATICO (PRATICZYME) 5LT GL,MEDICAMENTOS,AL,05/05/2025,,,1,30,264.0,1,2,,4,66.0,264.0,50.85,66.0,50.85,72.67,INSTITUTO DO CANCER DO CEARA,VERIDIANA SERRA,5,2025,5,Segunda-feira,203.39,60.61,Faturada
GO MED HOSPITALAR,V,4149,DETERGENTE ENZIMATICO (PRATICZYME) 5LT GL,MEDICAMENTOS,AL,05/05/2025,,,1,30,792.0,2,6,,1,66.0,66.0,50.85,66.0,50.85,66.42,HOSPITAL SAO RAIMUNDO,VERIDIANA SERRA,5,2025,5,Segunda-feira,50.85,15.15,Faturada
GO MED HOSPITALAR,V,4149,DETERGENTE ENZIMATICO (PRATICZYME) 5LT GL,MEDICAMENTOS,AL,05/05/2025,,,1,30,792.0,2,6,,11,66.0,726.0,50.85,66.0,50.85,66.42,HOSPITAL SAO RAIMUNDO,VERIDIANA SERRA,5,2025,5,Segunda-feira,559.32,166.68,Faturada
GO MED HOSPITALAR,V,4159,ONDANSETRONA 8MG/4ML AMP,MEDICAMENTOS,AL,05/05/2025,,,1,59,95697.18,74,1,,300,4.08,1224.0,1.38,4.08,1.38,1.97,INSTITUTO DE DESENV. ENSINO E ASSIST. A SAUDE -IDEAS,DENIS SOUSA,5,2025,5,Segunda-feira,414.27,809.73,Faturada
GO MED HOSPITALAR,V,4161,ONDANSETRONA 8MG/4ML AMP,MEDICAMENTOS,AL,05/05/2025,,05/05/2025,1,62,18881.9,33,32,05/05/2025,100,2.89,289.0,1.38,2.89,1.38,1.97,INSTITUTO SAO VICENTE FERRER,FABIAN SILVA,5,2025,5,Segunda-feira,138.09,150.91,Faturada
GO MED HOSPITALAR,V,4157,EXTENSOR CATETER INFUSAO LUER LOCK 20CM UN,MATERIAL HOSPITALAR,AL,05/05/2025,,,1,59,41595.24,62,1,,985,1.99,1960.15,1.38,1.99,1.38,1.97,INSTITUTO DE DESENV. ENSINO E ASSIST. A SAUDE -IDEAS,DENIS SOUSA,5,2025,5,Segunda-feira,1355.66,604.49,Faturada
GO MED HOSPITALAR,V,4157,EXTENSOR CATETER INFUSAO LUER LOCK 20CM UN,MATERIAL HOSPITALAR,AL,05/05/2025,,,1,59,41595.24,62,1,,14,1.99,27.86,1.38,1.99,1.38,1.97,INSTITUTO DE DESENV. ENSINO E ASSIST. A SAUDE -IDEAS,DENIS SOUSA,5,2025,5,Segunda-feira,19.27,8.59,Faturada
GO MED HOSPITALAR,V,4157,EXTENSOR CATETER INFUSAO LUER LOCK 20CM UN,MATERIAL HOSPITALAR,AL,05/05/2025,,,1,59,41595.24,62,1,,1,1.99,1.99,1.38,1.99,1.38,1.97,INSTITUTO DE DESENV. ENSINO E ASSIST. A SAUDE -IDEAS,DENIS SOUSA,5,2025,5,Segunda-feira,1.38,0.61,Faturada
GO MED HOSPITALAR,V,4157,CATETER CENTRAL DUPLO LUMEN 7FR X 20CM UN,MATERIAL HOSPITALAR,AL,05/05/2025,,,1,59,41595.24,62,1,,20,86.9,1738.0,42.62,86.9,42.62,59.18,INSTITUTO DE DESENV. ENSINO E ASSIST. A SAUDE -IDEAS,DENIS SOUSA,5,2025,5,Segunda-feira,852.43,885.57,Faturada
GO MED HOSPITALAR,V,4159,ISOSOURCE SOYA 1 L (+) LT,PRODUTOS NATURAIS,AL,05/05/2025,,,1,59,95697.18,74,1,,24,35.9,861.6,20.25,35.9,20.25,28.93,INSTITUTO DE DESENV. ENSINO E ASSIST. A SAUDE -IDEAS,DENIS SOUSA,5,2025,5,Segunda-feira,486.07,375.53,Faturada
GO MED HOSPITALAR,V,4131,NITROGLICERINA (TRIDIL) 5MG/10ML AMP,MEDICAMENTOS,AL,02/05/2025,,,1,59,46736.9,17,95,,10,81.5,815.0,33.67,81.5,39.0,55.71,INSTITUTO DE DESENV. ENSINO E ASSIST. A SAUDE -IDEAS,DENIS SOUSA,5,2025,2,Sexta-feira,336.67,478.33,Faturada
GO MED HOSPITALAR,V,4157,APARELHO DE BARBEAR UN,MATERIAL HOSPITALAR,AL,05/05/2025,,,1,59,41595.24,62,1,,20,1.99,39.8,0.73,1.99,0.73,1.04,INSTITUTO DE DESENV. ENSINO E ASSIST. A SAUDE -IDEAS,DENIS SOUSA,5,2025,5,Segunda-feira,14.53,25.27,Faturada
GO MED HOSPITALAR,V,4159,KETAMIN CETAMINA 50MG/10ML C1 FR,MEDICAMENTOS,AL,05/05/2025,,,1,59,95697.18,74,1,,25,136.9,3422.5,93.8,136.9,93.8,133.99,INSTITUTO DE DESENV. ENSINO E ASSIST. A SAUDE -IDEAS,DENIS SOUSA,5,2025,5,Segunda-feira,2345.0,1077.5,Faturada
GO MED HOSPITALAR,V,4159,CISATRACURIO 2MG/ML 5ML (CIS). AMP,MEDICAMENTOS,AL,05/05/2025,,,1,59,95697.18,74,1,,40,19.15,766.0,12.9,19.15,12.9,18.41,INSTITUTO DE DESENV. ENSINO E ASSIST. A SAUDE -IDEAS,DENIS SOUSA,5,2025,5,Segunda-feira,515.84,250.16,Faturada
GO MED HOSPITALAR,V,4133,"TERBUTALINA 0,5MG/ML AMP 1ML(GEN)-HIPOLABOR (+) AMP",MEDICAMENTOS,AL,02/05/2025,,,1,28,453.0,2,2,,100,1.45,145.0,1.16,1.45,1.16,1.66,CMF DISTRIBUIDORA DE MEDICAMENTOS LTDA,CESAR GAMA,5,2025,2,Sexta-feira,116.0,29.0,Faturada
GO MED HOSPITALAR,V,4159,BROMOPRIDA 5MG/ML 2ML (DIGESTINA). AMP,MEDICAMENTOS,AL,05/05/2025,,,1,59,95697.18,74,1,,300,2.6,780.0,1.4,2.6,1.4,2.0,INSTITUTO DE DESENV. ENSINO E ASSIST. A SAUDE -IDEAS,DENIS SOUSA,5,2025,5,Segunda-feira,420.0,360.0,Faturada
GO MED HOSPITALAR,V,4151,METRONIDAZOL 5MG/ML INJ 100ML BOL,MEDICAMENTOS,CL,05/05/2025,,,2,30,839.1,14,1,,10,5.7,57.0,4.5,5.7,4.5,6.43,VETWORLD,VERIDIANA SERRA,5,2025,5,Segunda-feira,45.0,12.0,Faturada
GO MED HOSPITALAR,V,4159,METRONIDAZOL 5MG/ML INJ 100ML BOL,MEDICAMENTOS,AL,05/05/2025,,,1,59,95697.18,74,1,,250,8.15,2037.5,4.5,8.15,4.5,6.43,INSTITUTO DE DESENV. ENSINO E ASSIST. A SAUDE -IDEAS,DENIS SOUSA,5,2025,5,Segunda-feira,1125.0,912.5,Faturada
GO MED HOSPITALAR,V,4159,"BICARBONATO DE SODIO 8,4% 10ML AMP",MEDICAMENTOS,AL,05/05/2025,,,1,59,95697.18,74,1,,400,1.85,740.0,0.78,1.85,0.78,1.11,INSTITUTO DE DESENV. ENSINO E ASSIST. A SAUDE -IDEAS,DENIS SOUSA,5,2025,5,Segunda-feira,313.76,426.24,Faturada
GO MED HOSPITALAR,V,4157,SERINGA DESC. 05ML S/AG LUER LOCK UN,MATERIAL HOSPITALAR,AL,05/05/2025,,,1,59,41595.24,62,1,,4006,0.23,921.38,0.13,0.23,0.13,0.19,INSTITUTO DE DESENV. ENSINO E ASSIST. A SAUDE -IDEAS,DENIS SOUSA,5,2025,5,Segunda-feira,529.19,392.19,Faturada
GO MED HOSPITALAR,V,4157,SERINGA DESC. 05ML S/AG LUER LOCK UN,MATERIAL HOSPITALAR,AL,05/05/2025,,,1,59,41595.24,62,1,,5994,0.23,1378.62,0.13,0.23,0.13,0.19,INSTITUTO DE DESENV. ENSINO E ASSIST. A SAUDE -IDEAS,DENIS SOUSA,5,2025,5,Segunda-feira,791.81,586.81,Faturada
GO MED HOSPITALAR,V,4160,SERINGA DESC. 05ML S/AG LUER LOCK UN,MATERIAL HOSPITALAR,AL,05/05/2025,,,1,30,321.8,3,2,,400,0.17,66.8,0.13,0.17,0.13,0.19,VIDEOSCOPIA DO CEARA LTDA,JORGE TOTE,5,2025,5,Segunda-feira,52.84,13.96,Faturada
GO MED HOSPITALAR,V,4147,ALCOOL 70% 1LT (SANEANTE) LT,MEDICAMENTOS,AL,05/05/2025,,,1,30,240.0,2,1,,32,5.0,160.0,4.17,5.0,4.17,6.39,HOSPITAL SAO RAIMUNDO,VERIDIANA SERRA,5,2025,5,Segunda-feira,133.44,26.56,Faturada
GO MED HOSPITALAR,V,4147,ALCOOL 70% 1LT (SANEANTE) LT,MEDICAMENTOS,AL,05/05/2025,,,1,30,240.0,2,1,,16,5.0,80.0,4.17,5.0,4.17,6.39,HOSPITAL SAO RAIMUNDO,VERIDIANA SERRA,5,2025,5,Segunda-feira,66.72,13.28,Faturada
GO MED HOSPITALAR,V,4151,ALCOOL 70% 1LT (SANEANTE) LT,MEDICAMENTOS,CL,05/05/2025,,,2,30,839.1,14,1,,12,5.4,64.8,4.17,5.4,4.17,5.96,VETWORLD,VERIDIANA SERRA,5,2025,5,Segunda-feira,50.04,14.76,Faturada
GO MED HOSPITALAR,V,4157,ALCOOL 70% 1LT (SANEANTE) LT,MEDICAMENTOS,AL,05/05/2025,,,1,59,41595.24,62,1,,15,8.9,133.5,4.17,8.9,4.17,5.96,INSTITUTO DE DESENV. ENSINO E ASSIST. A SAUDE -IDEAS,DENIS SOUSA,5,2025,5,Segunda-feira,62.55,70.95,Faturada
GO MED HOSPITALAR,V,4157,ALCOOL 70% 1LT (SANEANTE) LT,MEDICAMENTOS,AL,05/05/2025,,,1,59,41595.24,62,1,,45,8.9,400.5,4.17,8.9,4.17,5.96,INSTITUTO DE DESENV. ENSINO E ASSIST. A SAUDE -IDEAS,DENIS SOUSA,5,2025,5,Segunda-feira,187.65,212.85,Faturada
GO MED HOSPITALAR,V,4142,PREDNISOLONA 20MG CPD,MEDICAMENTOS,AL,05/05/2025,,,1,30,14.53,2,1,,10,0.7,7.0,0.62,0.7,0.62,0.89,ANTONIO FABIAN DA SILVA PESSOA,GERAL VENDAS,5,2025,5,Segunda-feira,6.22,0.78,Faturada
GO MED HOSPITALAR,V,4159,CLOPIDOGREL 75MG C/28 CPR CX,MEDICAMENTOS,AL,05/05/2025,,,1,59,95697.18,74,1,,3,22.4,67.2,13.75,22.4,13.75,18.29,INSTITUTO DE DESENV. ENSINO E ASSIST. A SAUDE -IDEAS,DENIS SOUSA,5,2025,5,Segunda-feira,41.26,25.94,Faturada
GO MED HOSPITALAR,V,4159,PARACETAMOL 750MG GEN CPR UN,MEDICAMENTOS,AL,05/05/2025,,,1,59,95697.18,74,1,,290,0.33,95.7,0.16,0.33,0.16,0.23,INSTITUTO DE DESENV. ENSINO E ASSIST. A SAUDE -IDEAS,DENIS SOUSA,5,2025,5,Segunda-feira,46.52,49.18,Faturada
GO MED HOSPITALAR,V,4134,AVENTAL DESC. MANGA LONGA SOFT 30GR UN,MATERIAL HOSPITALAR,AL,02/05/2025,,,1,21,496.9,6,3,,80,1.75,140.0,1.3,1.75,1.3,1.86,COAPH,DENIS SOUSA,5,2025,2,Sexta-feira,104.08,35.92,Faturada
GO MED HOSPITALAR,V,4157,AVENTAL DESC. MANGA LONGA SOFT 30GR UN,MATERIAL HOSPITALAR,AL,05/05/2025,,,1,59,41595.24,62,1,,1000,4.9,4900.0,1.3,4.9,1.3,1.86,INSTITUTO DE DESENV. ENSINO E ASSIST. A SAUDE -IDEAS,DENIS SOUSA,5,2025,5,Segunda-feira,1301.0,3599.0,Faturada
GO MED HOSPITALAR,V,4157,CATETER P/OXIGENIO TIPO OCULOS 110CM UN,MATERIAL HOSPITALAR,AL,05/05/2025,,,1,59,41595.24,62,1,,20,1.9,38.0,0.79,1.9,0.79,1.13,INSTITUTO DE DESENV. ENSINO E ASSIST. A SAUDE -IDEAS,DENIS SOUSA,5,2025,5,Segunda-feira,15.84,22.16,Faturada
GO MED HOSPITALAR,V,4161,KETAMIN CETAMINA 50MG/2ML C1 AMP,MEDICAMENTOS,AL,05/05/2025,,05/05/2025,1,62,18881.9,33,32,05/05/2025,50,29.68,1484.0,16.63,29.68,16.63,23.76,INSTITUTO SAO VICENTE FERRER,FABIAN SILVA,5,2025,5,Segunda-feira,831.5,652.5,Faturada
GO MED HOSPITALAR,V,4157,COLETOR DE URINA SISTEMA ABERTO 2000 ML PC/100 pc,MATERIAL HOSPITALAR,AL,05/05/2025,,,1,59,41595.24,62,1,,10,60.0,600.0,30.16,60.0,30.16,43.8,INSTITUTO DE DESENV. ENSINO E ASSIST. A SAUDE -IDEAS,DENIS SOUSA,5,2025,5,Segunda-feira,301.56,298.44,Faturada
GO MED HOSPITALAR,V,4151,SONDA URETRAL N.10 UN,MATERIAL HOSPITALAR,CL,05/05/2025,,,2,30,839.1,14,1,,20,0.7,14.0,0.48,0.7,0.48,0.68,VETWORLD,VERIDIANA SERRA,5,2025,5,Segunda-feira,9.56,4.44,Faturada
GO MED HOSPITALAR,V,4131,ADRENALINA AMP 1ML (EPINEFRINA) AMP,MEDICAMENTOS,AL,02/05/2025,,,1,59,46736.9,17,95,,300,1.96,588.0,1.14,1.96,1.14,1.7,INSTITUTO DE DESENV. ENSINO E ASSIST. A SAUDE -IDEAS,DENIS SOUSA,5,2025,2,Sexta-feira,341.88,246.12,Faturada
GO MED HOSPITALAR,V,4159,FLORAX 100MILHOES ADT 5ML FLC FLC,MEDICAMENTOS,AL,05/05/2025,,,1,59,95697.18,74,1,,100,19.0,1900.0,4.48,19.0,4.48,6.4,INSTITUTO DE DESENV. ENSINO E ASSIST. A SAUDE -IDEAS,DENIS SOUSA,5,2025,5,Segunda-feira,448.0,1452.0,Faturada
GO MED HOSPITALAR,V,4136,ALGODAO HIDROFILO 500G KG,MATERIAL HOSPITALAR,AL,02/05/2025,,,1,1,152.4,1,1,,12,12.7,152.4,10.44,12.7,10.44,14.86,JR SANTOS DE RESENDE,CESAR GAMA,5,2025,2,Sexta-feira,125.25,27.15,Faturada
GO MED HOSPITALAR,V,4151,ALGODAO HIDROFILO 500G KG,MATERIAL HOSPITALAR,CL,05/05/2025,,,2,30,839.1,14,1,,15,13.5,202.5,10.44,13.5,10.44,14.86,VETWORLD,VERIDIANA SERRA,5,2025,5,Segunda-feira,156.56,45.94,Faturada
GO MED HOSPITALAR,V,4152,ALGODAO HIDROFILO 500G KG,MATERIAL HOSPITALAR,AL,05/05/2025,,,1,30,283.5,1,1,,21,13.5,283.5,10.44,13.5,10.44,14.86,HOSPITAL SAO RAIMUNDO,VERIDIANA SERRA,5,2025,5,Segunda-feira,219.19,64.31,Faturada
GO MED HOSPITALAR,V,4153,ALGODAO HIDROFILO 500G KG,MATERIAL HOSPITALAR,AL,05/05/2025,,,1,30,736.5,4,4,,1,13.0,13.0,10.44,13.0,10.44,14.86,SAO CARLOS DIAGNOSTICO POR IMAGEM,FABIAN SILVA,5,2025,5,Segunda-feira,10.44,2.56,Faturada
GO MED HOSPITALAR,V,4157,ALGODAO HIDROFILO 500G KG,MATERIAL HOSPITALAR,AL,05/05/2025,,,1,59,41595.24,62,1,,150,16.9,2535.0,10.44,16.9,10.44,14.86,INSTITUTO DE DESENV. ENSINO E ASSIST. A SAUDE -IDEAS,DENIS SOUSA,5,2025,5,Segunda-feira,1565.62,969.38,Faturada
GO MED HOSPITALAR,V,4159,FENOBARBITAL 200MG/2ML (FENOCRIS) (B1) AMP,MEDICAMENTOS,AL,05/05/2025,,,1,59,95697.18,74,1,,25,6.19,154.75,2.84,6.19,2.84,4.06,INSTITUTO DE DESENV. ENSINO E ASSIST. A SAUDE -IDEAS,DENIS SOUSA,5,2025,5,Segunda-feira,71.0,83.75,Faturada
GO MED HOSPITALAR,V,4159,MEROPENEM 1G INJ IV (GEN) FR,MEDICAMENTOS,AL,05/05/2025,,,1,59,95697.18,74,1,,100,26.5,2650.0,17.95,26.5,17.95,25.64,INSTITUTO DE DESENV. ENSINO E ASSIST. A SAUDE -IDEAS,DENIS SOUSA,5,2025,5,Segunda-feira,1795.0,855.0,Faturada
GO MED HOSPITALAR,V,4135,"ETIQUETAS VERDE ADES EM BOPP FOSCO, ( RL C/264) RL",MATERIAL HOSPITALAR,AL,02/05/2025,,,1,59,16760.0,11,17,,13200,0.45,5940.0,0.21,0.45,0.21,0.3,INSTITUTO DE DESENV. ENSINO E ASSIST. A SAUDE -IDEAS,DENIS SOUSA,5,2025,2,Sexta-feira,2823.48,3116.52,Faturada
GO MED HOSPITALAR,V,4159,ETOMIDATO 2MG/ML 10ML UN,MEDICAMENTOS,AL,05/05/2025,,,1,59,95697.18,74,1,,25,20.82,520.5,13.0,20.82,13.0,18.57,INSTITUTO DE DESENV. ENSINO E ASSIST. A SAUDE -IDEAS,DENIS SOUSA,5,2025,5,Segunda-feira,325.0,195.5,Faturada
GO MED HOSPITALAR,V,4132,"CLOREXIDINA 0,5% (CHLORCLEAR) ALCOOLICA 1LT FR",MEDICAMENTOS,AL,02/05/2025,,,1,30,700.0,1,6,,70,10.0,700.0,8.09,10.0,8.09,11.86,BEVIE COMERCIO ATACADISTA DE PRODUTOS HOSPITALARES,CESAR GAMA,5,2025,2,Sexta-feira,566.52,133.48,Faturada
GO MED HOSPITALAR,V,4150,"CLOREXIDINA 0,2% AQUOSA 1LT (CHLORDERM) FR",MEDICAMENTOS,AL,05/05/2025,,,1,30,677.88,2,1,,36,4.39,158.04,3.44,4.39,3.44,4.99,HOSPITAL SAO RAIMUNDO,VERIDIANA SERRA,5,2025,5,Segunda-feira,123.97,34.07,Faturada
GO MED HOSPITALAR,V,4159,COMPLEXO POLIVITAMINICO B 2ML (HYPLEX B) AMP,MEDICAMENTOS,AL,05/05/2025,,,1,59,95697.18,74,1,,100,1.96,196.0,1.03,1.96,1.03,1.43,INSTITUTO DE DESENV. ENSINO E ASSIST. A SAUDE -IDEAS,DENIS SOUSA,5,2025,5,Segunda-feira,102.65,93.35,Faturada
GO MED HOSPITALAR,V,4161,COMPLEXO POLIVITAMINICO B 2ML (HYPLEX B) AMP,MEDICAMENTOS,AL,05/05/2025,,05/05/2025,1,62,18881.9,33,32,05/05/2025,200,1.78,356.0,1.03,1.78,1.03,1.43,INSTITUTO SAO VICENTE FERRER,FABIAN SILVA,5,2025,5,Segunda-feira,205.3,150.7,Faturada
GO MED HOSPITALAR,V,4131,GLICONATO DE CALCIO 10% INJ. 10ML AMP,MEDICAMENTOS,AL,02/05/2025,,,1,59,46736.9,17,95,,200,3.26,652.0,2.2,3.26,2.2,3.14,INSTITUTO DE DESENV. ENSINO E ASSIST. A SAUDE -IDEAS,DENIS SOUSA,5,2025,2,Sexta-feira,440.0,212.0,Faturada
GO MED HOSPITALAR,V,4153,PROPOFOL INJ. 10MG/20ML AMP. C1 AMP,MEDICAMENTOS,AL,05/05/2025,,,1,30,736.5,4,4,,40,10.7,428.0,9.74,10.7,9.88,12.23,SAO CARLOS DIAGNOSTICO POR IMAGEM,FABIAN SILVA,5,2025,5,Segunda-feira,389.59,38.41,Faturada
GO MED HOSPITALAR,V,4155,PROPOFOL INJ. 10MG/20ML AMP. C1 AMP,MEDICAMENTOS,AL,05/05/2025,,,1,30,660.0,3,4,,40,10.7,428.0,9.74,10.7,9.88,12.23,CLINICA BEROALDO JUREMA,FABIAN SILVA,5,2025,5,Segunda-feira,389.59,38.41,Faturada
GO MED HOSPITALAR,V,4154,CLORPROMAZINA 5MG/ML 5ML (LONGACTIL). AMP,MEDICAMENTOS,AL,05/05/2025,,,1,21,2149.0,6,3,,150,3.93,589.5,3.15,3.93,3.15,4.5,MEDICI HOSPITALAR,DENIS SOUSA,5,2025,5,Segunda-feira,472.5,117.0,Faturada
GO MED HOSPITALAR,V,4161,CLORPROMAZINA 5MG/ML 5ML (LONGACTIL). AMP,MEDICAMENTOS,AL,05/05/2025,,05/05/2025,1,62,18881.9,33,32,05/05/2025,10,5.61,56.1,3.15,5.61,3.15,4.5,INSTITUTO SAO VICENTE FERRER,FABIAN SILVA,5,2025,5,Segunda-feira,31.5,24.6,Faturada
GO MED HOSPITALAR,V,4159,CETOPROFENO 100MG (ARTRINID IV) FR,MEDICAMENTOS,AL,05/05/2025,,,1,59,95697.18,74,1,,600,8.26,4956.0,3.76,8.26,3.76,5.27,INSTITUTO DE DESENV. ENSINO E ASSIST. A SAUDE -IDEAS,DENIS SOUSA,5,2025,5,Segunda-feira,2256.84,2699.16,Faturada
GO MED HOSPITALAR,V,4161,CETOPROFENO 100MG (ARTRINID IV) FR,MEDICAMENTOS,AL,05/05/2025,,05/05/2025,1,62,18881.9,33,32,05/05/2025,200,6.6,1320.0,3.76,6.6,3.76,5.27,INSTITUTO SAO VICENTE FERRER,FABIAN SILVA,5,2025,5,Segunda-feira,752.28,567.72,Faturada
GO MED HOSPITALAR,V,4131,IBUPROFENO GTS 50MG/30ML (IBUPROTRAT) GEN FR,MEDICAMENTOS,AL,02/05/2025,,,1,59,46736.9,17,95,,10,5.71,57.1,2.32,5.71,2.32,3.32,INSTITUTO DE DESENV. ENSINO E ASSIST. A SAUDE -IDEAS,DENIS SOUSA,5,2025,2,Sexta-feira,23.21,33.89,Faturada
GO MED HOSPITALAR,V,4161,IBUPROFENO GTS 50MG/30ML (IBUPROTRAT) GEN FR,MEDICAMENTOS,AL,05/05/2025,,05/05/2025,1,62,18881.9,33,32,05/05/2025,10,5.9,59.0,2.32,5.9,2.32,3.32,INSTITUTO SAO VICENTE FERRER,FABIAN SILVA,5,2025,5,Segunda-feira,23.21,35.79,Faturada
GO MED HOSPITALAR,V,4141,OMEPRAZOL 20MG GEN CPR,MEDICAMENTOS,AL,05/05/2025,,,1,30,8.62,3,1,,14,0.1,1.37,0.09,0.1,0.09,0.12,SUELEN GONCALVES DA SILVA,GERAL VENDAS,5,2025,5,Segunda-feira,1.23,0.14,Faturada
GO MED HOSPITALAR,V,4141,HIDROCLOROTIAZIDA 25MG CX C/30CPR CX,MEDICAMENTOS,AL,05/05/2025,,,1,30,8.62,3,1,,2,1.41,2.81,0.03,1.41,0.03,1.41,SUELEN GONCALVES DA SILVA,GERAL VENDAS,5,2025,5,Segunda-feira,0.07,2.74,Faturada
GO MED HOSPITALAR,V,4143,DEXAMETASONA 4MG COMP CX,MEDICAMENTOS,AL,05/05/2025,,,1,30,46.09,6,1,,1,3.93,3.93,3.56,3.93,3.56,5.08,THIAGO DA SILVA SOUSA,GERAL VENDAS,5,2025,5,Segunda-feira,3.56,0.37,Faturada
GO MED HOSPITALAR,V,4157,DISPOSITIVO INCONTINENCIA URINARIA MASCULINO (UROPEN) UN,MATERIAL HOSPITALAR,AL,05/05/2025,,,1,59,41595.24,62,1,,40,2.7,108.0,1.13,2.7,1.13,1.55,INSTITUTO DE DESENV. ENSINO E ASSIST. A SAUDE -IDEAS,DENIS SOUSA,5,2025,5,Segunda-feira,45.28,62.72,Faturada
GO MED HOSPITALAR,V,4135,"ETIQUETAS ADES AMARELA EM BOPP FOSCO 25X279,6MM- PULSEIRAS AMARE RL",MATERIAL HOSPITALAR,AL,02/05/2025,,,1,59,16760.0,11,17,,4224,0.45,1900.8,0.21,0.45,0.21,0.3,INSTITUTO DE DESENV. ENSINO E ASSIST. A SAUDE -IDEAS,DENIS SOUSA,5,2025,2,Sexta-feira,873.95,1026.85,Faturada
GO MED HOSPITALAR,V,4159,CISATRACURIO 2MG/ML 5ML (CISAUNID) AMP,MEDICAMENTOS,AL,05/05/2025,,,1,59,95697.18,74,1,,10,19.15,191.5,15.4,19.15,15.4,22.0,INSTITUTO DE DESENV. ENSINO E ASSIST. A SAUDE -IDEAS,DENIS SOUSA,5,2025,5,Segunda-feira,154.0,37.5,Faturada
GO MED HOSPITALAR,V,4162,CISATRACURIO 2MG/ML 5ML (CISAUNID) AMP,MEDICAMENTOS,AL,05/05/2025,,05/05/2025,1,0,9316.7,14,8,05/05/2025,10,27.48,274.8,15.4,27.48,15.4,22.0,INSTITUTO SAO VICENTE FERRER,FABIAN SILVA,5,2025,5,Segunda-feira,154.0,120.8,Faturada
GO MED HOSPITALAR,V,4135,FRALDA DESC. GERIAT G CONFORT CARE C/08 PC,MATERIAL HOSPITALAR,AL,02/05/2025,,,1,59,16760.0,11,17,,13,18.4,239.2,8.19,18.4,8.19,11.7,INSTITUTO DE DESENV. ENSINO E ASSIST. A SAUDE -IDEAS,DENIS SOUSA,5,2025,2,Sexta-feira,106.47,132.73,Faturada
GO MED HOSPITALAR,V,4159,AZITROMICINA 500MG COMP (AZITROPHAR ) CPR,MEDICAMENTOS,AL,05/05/2025,,,1,59,95697.18,74,1,,120,1.63,195.6,0.85,1.63,0.85,1.21,INSTITUTO DE DESENV. ENSINO E ASSIST. A SAUDE -IDEAS,DENIS SOUSA,5,2025,5,Segunda-feira,102.0,93.6,Faturada
GO MED HOSPITALAR,V,4157,AGUA OXIGENADA 10 VOL 100ML UN,MEDICAMENTOS,AL,05/05/2025,,,1,59,41595.24,62,1,,20,2.89,57.8,1.39,2.89,1.23,1.76,INSTITUTO DE DESENV. ENSINO E ASSIST. A SAUDE -IDEAS,DENIS SOUSA,5,2025,5,Segunda-feira,27.78,30.02,Faturada
GO MED HOSPITALAR,V,4159,PREDNISONA 20MG CPR CPR,MEDICAMENTOS,AL,05/05/2025,,,1,59,95697.18,74,1,,120,0.65,78.0,0.18,0.65,0.18,0.26,INSTITUTO DE DESENV. ENSINO E ASSIST. A SAUDE -IDEAS,DENIS SOUSA,5,2025,5,Segunda-feira,21.84,56.16,Faturada
GO MED HOSPITALAR,V,4157,DETERGENTE ENZIMATICO (PRATICZYME) 4 ENZIMAS 1LT LT,MEDICAMENTOS,AL,05/05/2025,,,1,59,41595.24,62,1,,15,28.5,427.5,19.4,28.5,19.4,27.71,INSTITUTO DE DESENV. ENSINO E ASSIST. A SAUDE -IDEAS,DENIS SOUSA,5,2025,5,Segunda-feira,291.0,136.5,Faturada
GO MED HOSPITALAR,V,4162,SOL. GLICOSE 5% 250ML FR,MEDICAMENTOS,AL,05/05/2025,,05/05/2025,1,0,9316.7,14,8,05/05/2025,180,8.21,1477.8,4.6,8.21,4.6,6.57,INSTITUTO SAO VICENTE FERRER,FABIAN SILVA,5,2025,5,Segunda-feira,828.0,649.8,Faturada
GO MED HOSPITALAR,V,4142,DIPIRONA MONOID (MAXALGINA) 1G C/10 CPR,MEDICAMENTOS,AL,05/05/2025,,,1,30,14.53,2,1,,1,7.53,7.53,6.78,7.53,6.78,9.68,ANTONIO FABIAN DA SILVA PESSOA,GERAL VENDAS,5,2025,5,Segunda-feira,6.78,0.75,Faturada
GO MED HOSPITALAR,V,4144,DIPIRONA MONOID (MAXALGINA) 1G C/10 CPR,MEDICAMENTOS,AL,05/05/2025,,,1,30,198.28,6,1,,2,7.54,15.08,6.78,7.54,6.78,9.68,JETHER R RODRIGUES,GERAL VENDAS,5,2025,5,Segunda-feira,13.56,1.52,Faturada
GO MED HOSPITALAR,V,4145,DIPIRONA MONOID (MAXALGINA) 1G C/10 CPR,MEDICAMENTOS,AL,05/05/2025,,,1,30,47.83,4,1,,1,0.75,0.75,6.78,0.75,6.78,0.97,VERIDIANA RIBEIRO SERRA AZUL,GERAL VENDAS,5,2025,5,Segunda-feira,6.78,-6.03,Faturada
GO MED HOSPITALAR,V,4159,SALBUTAMOL AEROSSOL 200 DOSES (AERODINI) UN,MEDICAMENTOS,AL,05/05/2025,,,1,59,95697.18,74,1,,80,24.99,1999.2,17.11,24.99,17.11,24.3,INSTITUTO DE DESENV. ENSINO E ASSIST. A SAUDE -IDEAS,DENIS SOUSA,5,2025,5,Segunda-feira,1368.54,630.66,Faturada
GO MED HOSPITALAR,V,4161,SALBUTAMOL AEROSSOL 200 DOSES (AERODINI) UN,MEDICAMENTOS,AL,05/05/2025,,05/05/2025,1,62,18881.9,33,32,05/05/2025,20,30.36,607.2,17.11,30.36,17.11,24.3,INSTITUTO SAO VICENTE FERRER,FABIAN SILVA,5,2025,5,Segunda-feira,342.14,265.06,Faturada
GO MED HOSPITALAR,V,4159,CAPTOPRIL 25MG (CAPOX) CPR,MEDICAMENTOS,AL,05/05/2025,,,1,59,95697.18,74,1,,300,0.1,30.0,0.04,0.1,0.04,0.06,INSTITUTO DE DESENV. ENSINO E ASSIST. A SAUDE -IDEAS,DENIS SOUSA,5,2025,5,Segunda-feira,11.79,18.21,Faturada
GO MED HOSPITALAR,V,4159,BUTIL ESCOP. + DIPIRONA MON. AMP 5ML (GEN) AMP,MEDICAMENTOS,AL,05/05/2025,,,1,59,95697.18,74,1,,300,3.26,978.0,1.48,3.26,1.48,2.12,INSTITUTO DE DESENV. ENSINO E ASSIST. A SAUDE -IDEAS,DENIS SOUSA,5,2025,5,Segunda-feira,445.14,532.86,Faturada
GO MED HOSPITALAR,V,4161,BUTIL ESCOP. + DIPIRONA MON. AMP 5ML (GEN) AMP,MEDICAMENTOS,AL,05/05/2025,,05/05/2025,1,62,18881.9,33,32,05/05/2025,300,2.65,795.0,1.48,2.65,1.48,2.12,INSTITUTO SAO VICENTE FERRER,FABIAN SILVA,5,2025,5,Segunda-feira,445.14,349.86,Faturada
GO MED HOSPITALAR,V,4162,BUTIL ESCOP. + DIPIRONA MON. AMP 5ML (GEN) AMP,MEDICAMENTOS,AL,05/05/2025,,05/05/2025,1,0,9316.7,14,8,05/05/2025,100,2.65,265.0,1.48,2.65,1.48,2.12,INSTITUTO SAO VICENTE FERRER,FABIAN SILVA,5,2025,5,Segunda-feira,148.38,116.62,Faturada
GO MED HOSPITALAR,V,4131,"SOL. CLORETO SODIO 0,9% 100ML FR",MEDICAMENTOS,AL,02/05/2025,,,1,59,46736.9,17,95,,2225,5.69,12660.25,2.93,5.69,2.93,4.21,INSTITUTO DE DESENV. ENSINO E ASSIST. A SAUDE -IDEAS,DENIS SOUSA,5,2025,2,Sexta-feira,6522.59,6137.66,Faturada
GO MED HOSPITALAR,V,4131,"SOL. CLORETO SODIO 0,9% 100ML FR",MEDICAMENTOS,AL,02/05/2025,,,1,59,46736.9,17,95,,1260,5.69,7169.4,2.93,5.69,2.93,4.21,INSTITUTO DE DESENV. ENSINO E ASSIST. A SAUDE -IDEAS,DENIS SOUSA,5,2025,2,Sexta-feira,3693.69,3475.71,Faturada
GO MED HOSPITALAR,V,4131,"SOL. CLORETO SODIO 0,9% 100ML FR",MEDICAMENTOS,AL,02/05/2025,,,1,59,46736.9,17,95,,535,5.69,3044.15,2.93,5.69,2.93,4.21,INSTITUTO DE DESENV. ENSINO E ASSIST. A SAUDE -IDEAS,DENIS SOUSA,5,2025,2,Sexta-feira,1568.35,1475.8,Faturada
GO MED HOSPITALAR,V,4161,"SOL. CLORETO SODIO 0,9% 100ML FR",MEDICAMENTOS,AL,05/05/2025,,05/05/2025,1,62,18881.9,33,32,05/05/2025,600,5.67,3402.0,2.93,5.67,2.93,4.21,INSTITUTO SAO VICENTE FERRER,FABIAN SILVA,5,2025,5,Segunda-feira,1758.9,1643.1,Faturada
GO MED HOSPITALAR,V,4145,ALBENDAZOL 400MG CPR,MEDICAMENTOS,AL,05/05/2025,,,1,30,47.83,4,1,,10,0.64,6.4,0.58,0.64,0.58,0.83,VERIDIANA RIBEIRO SERRA AZUL,GERAL VENDAS,5,2025,5,Segunda-feira,5.8,0.6,Faturada
GO MED HOSPITALAR,V,4157,SONDA FOLEY 2 VIAS N.16 30CC UN,MATERIAL HOSPITALAR,AL,05/05/2025,,,1,59,41595.24,62,1,,30,3.9,117.0,2.12,3.9,2.12,3.02,INSTITUTO DE DESENV. ENSINO E ASSIST. A SAUDE -IDEAS,DENIS SOUSA,5,2025,5,Segunda-feira,63.52,53.48,Faturada
GO MED HOSPITALAR,V,4157,GEL P/ECG 100GR FR,HOSPITALAR,AL,05/05/2025,,,1,59,41595.24,62,1,,20,5.48,109.6,1.7,5.48,1.7,2.43,INSTITUTO DE DESENV. ENSINO E ASSIST. A SAUDE -IDEAS,DENIS SOUSA,5,2025,5,Segunda-feira,34.0,75.6,Faturada
GO MED HOSPITALAR,V,4157,"CLOREXIDINA 0,5% ACOOLICA 100ML (CHLORCLEAR) FR",MEDICAMENTOS,AL,05/05/2025,,,1,59,41595.24,62,1,,25,4.5,112.5,1.35,4.5,1.35,1.96,INSTITUTO DE DESENV. ENSINO E ASSIST. A SAUDE -IDEAS,DENIS SOUSA,5,2025,5,Segunda-feira,33.65,78.85,Faturada
GO MED HOSPITALAR,V,4159,SUPOSIT. GLICERINA ADULTO (GLICERILAX) UN,MEDICAMENTOS,AL,05/05/2025,,,1,59,95697.18,74,1,,6,9.78,58.68,7.35,9.78,8.31,11.78,INSTITUTO DE DESENV. ENSINO E ASSIST. A SAUDE -IDEAS,DENIS SOUSA,5,2025,5,Segunda-feira,44.08,14.6,Faturada
GO MED HOSPITALAR,V,4159,LOSARTANA POT. 50MG CPR GEN CPR,MEDICAMENTOS,AL,05/05/2025,,,1,59,95697.18,74,1,,30,0.16,4.8,0.06,0.16,0.06,0.08,INSTITUTO DE DESENV. ENSINO E ASSIST. A SAUDE -IDEAS,DENIS SOUSA,5,2025,5,Segunda-feira,1.71,3.09,Faturada
GO MED HOSPITALAR,V,4134,LUVA VINIL S/PO P CX 100 CX,MATERIAL HOSPITALAR,AL,02/05/2025,,,1,21,496.9,6,3,,5,19.9,99.5,11.49,19.9,11.49,17.44,COAPH,DENIS SOUSA,5,2025,2,Sexta-feira,57.43,42.07,Faturada
GO MED HOSPITALAR,V,4157,EQUIPO FOTOSSENSIVEL MACROGOTAS C/INJ LAT L/L UN,MATERIAL HOSPITALAR,AL,05/05/2025,,,1,59,41595.24,62,1,,50,4.8,240.0,3.46,4.8,3.46,4.94,INSTITUTO DE DESENV. ENSINO E ASSIST. A SAUDE -IDEAS,DENIS SOUSA,5,2025,5,Segunda-feira,172.82,67.18,Faturada
GO MED HOSPITALAR,V,4159,CIPROFLOXACINO 2MG/ML 100ML (HIFLOXAN) BOL,MEDICAMENTOS,AL,05/05/2025,,,1,59,95697.18,74,1,,10,19.88,198.8,7.89,19.88,7.89,11.27,INSTITUTO DE DESENV. ENSINO E ASSIST. A SAUDE -IDEAS,DENIS SOUSA,5,2025,5,Segunda-feira,78.9,119.9,Faturada
GO MED HOSPITALAR,V,4134,MASCARA DESC. TRIPLA C/CLIP (ECO) PCT,MATERIAL HOSPITALAR,AL,02/05/2025,,,1,21,496.9,6,3,,10,3.99,39.9,2.41,3.99,2.41,3.44,COAPH,DENIS SOUSA,5,2025,2,Sexta-feira,24.09,15.81,Faturada
GO MED HOSPITALAR,V,4140,MASCARA DESC. TRIPLA C/CLIP (ECO) PCT,MATERIAL HOSPITALAR,AL,05/05/2025,,,1,30,2.68,1,1,,1,2.68,2.68,2.41,2.68,2.41,3.44,TAMIRIS FERREIRA,GERAL VENDAS,5,2025,5,Segunda-feira,2.41,0.27,Faturada
GO MED HOSPITALAR,V,4154,CARVAO VEGETAL ATIVADO EM PO 100G SCH,MEDICAMENTOS,AL,05/05/2025,,,1,21,2149.0,6,3,,10,6.9,69.0,4.03,6.9,4.03,5.76,MEDICI HOSPITALAR,DENIS SOUSA,5,2025,5,Segunda-feira,40.33,28.67,Faturada
GO MED HOSPITALAR,V,4134,LUVA VINIL S/PO M CX 100 CX,MATERIAL HOSPITALAR,AL,02/05/2025,,,1,21,496.9,6,3,,5,19.9,99.5,11.49,19.9,11.49,17.44,COAPH,DENIS SOUSA,5,2025,2,Sexta-feira,57.43,42.07,Faturada
GO MED HOSPITALAR,V,4159,MOVINAU (BROMOPRIDA)40MG GTS 20ML FR,MEDICAMENTOS,AL,05/05/2025,,,1,59,95697.18,74,1,,15,4.89,73.35,4.08,4.89,4.08,5.77,INSTITUTO DE DESENV. ENSINO E ASSIST. A SAUDE -IDEAS,DENIS SOUSA,5,2025,5,Segunda-feira,61.24,12.11,Faturada
GO MED HOSPITALAR,V,4161,DIAZEPAM 10MG CPR (B1) CPR,MEDICAMENTOS,AL,05/05/2025,,05/05/2025,1,62,18881.9,33,32,05/05/2025,60,0.23,13.8,0.15,0.23,0.15,0.19,INSTITUTO SAO VICENTE FERRER,FABIAN SILVA,5,2025,5,Segunda-feira,9.02,4.78,Faturada
GO MED HOSPITALAR,V,4162,DIAZEPAM 10MG CPR (B1) CPR,MEDICAMENTOS,AL,05/05/2025,,05/05/2025,1,0,9316.7,14,8,05/05/2025,60,0.28,16.8,0.15,0.28,0.15,0.19,INSTITUTO SAO VICENTE FERRER,FABIAN SILVA,5,2025,5,Segunda-feira,9.02,7.78,Faturada
GO MED HOSPITALAR,V,4159,LORATADINA 10MG CPR (LORASIV) CX C/12 CPR,MEDICAMENTOS,AL,05/05/2025,,,1,59,95697.18,74,1,,96,0.29,27.84,1.79,0.29,1.79,0.21,INSTITUTO DE DESENV. ENSINO E ASSIST. A SAUDE -IDEAS,DENIS SOUSA,5,2025,5,Segunda-feira,171.88,-144.04,Faturada
GO MED HOSPITALAR,V,4162,HEPARINA 5000UI/5ML FA FR,MEDICAMENTOS,AL,05/05/2025,,05/05/2025,1,0,9316.7,14,8,05/05/2025,50,33.92,1696.0,19.0,33.92,19.0,27.14,INSTITUTO SAO VICENTE FERRER,FABIAN SILVA,5,2025,5,Segunda-feira,950.0,746.0,Faturada
GO MED HOSPITALAR,V,4159,SOL. GLICOSE 5% 250ML FR,MEDICAMENTOS,AL,05/05/2025,,,1,59,95697.18,74,1,,24,8.16,195.84,4.55,8.16,4.55,6.27,INSTITUTO DE DESENV. ENSINO E ASSIST. A SAUDE -IDEAS,DENIS SOUSA,5,2025,5,Segunda-feira,109.15,86.69,Faturada
GO MED HOSPITALAR,V,4159,SOL. GLICOSE 5% 250ML FR,MEDICAMENTOS,AL,05/05/2025,,,1,59,95697.18,74,1,,76,8.16,620.16,4.55,8.16,4.55,6.27,INSTITUTO DE DESENV. ENSINO E ASSIST. A SAUDE -IDEAS,DENIS SOUSA,5,2025,5,Segunda-feira,345.66,274.5,Faturada
GO MED HOSPITALAR,V,4159,"NEOSTIGMINA 0,5MG AMP 1ML (NORMASTIG) AMP",MEDICAMENTOS,AL,05/05/2025,,,1,59,95697.18,74,1,,50,2.93,146.5,1.05,2.93,1.05,1.5,INSTITUTO DE DESENV. ENSINO E ASSIST. A SAUDE -IDEAS,DENIS SOUSA,5,2025,5,Segunda-feira,52.5,94.0,Faturada
GO MED HOSPITALAR,V,4159,BUTIL ESCOP. GTS 20ML (GEN) FR,MEDICAMENTOS,AL,05/05/2025,,,1,59,95697.18,74,1,,10,16.3,163.0,8.0,16.3,8.0,11.43,INSTITUTO DE DESENV. ENSINO E ASSIST. A SAUDE -IDEAS,DENIS SOUSA,5,2025,5,Segunda-feira,80.0,83.0,Faturada
GO MED HOSPITALAR,V,4159,SOL. GLICOSE 50% 10ML AMP,MEDICAMENTOS,AL,05/05/2025,,,1,59,95697.18,74,1,,400,1.14,456.0,0.68,1.14,0.68,0.99,INSTITUTO DE DESENV. ENSINO E ASSIST. A SAUDE -IDEAS,DENIS SOUSA,5,2025,5,Segunda-feira,272.12,183.88,Faturada
GO MED HOSPITALAR,V,4159,SOL. RINGER C/ LACTATO 500ML FR,MEDICAMENTOS,AL,05/05/2025,,,1,59,95697.18,74,1,,360,12.2,4392.0,7.55,12.2,7.55,10.79,INSTITUTO DE DESENV. ENSINO E ASSIST. A SAUDE -IDEAS,DENIS SOUSA,5,2025,5,Segunda-feira,2717.71,1674.29,Faturada
GO MED HOSPITALAR,V,4159,"SOL. CLORETO SODIO 0,9% 1000ML FR",MEDICAMENTOS,AL,05/05/2025,,,1,59,95697.18,74,1,,32,16.8,537.6,8.5,16.8,8.5,12.14,INSTITUTO DE DESENV. ENSINO E ASSIST. A SAUDE -IDEAS,DENIS SOUSA,5,2025,5,Segunda-feira,271.94,265.66,Faturada
GO MED HOSPITALAR,V,4151,EXTENSOR CATETER INFUSAO L.SLIP 20CM UN,MATERIAL HOSPITALAR,CL,05/05/2025,,,2,30,839.1,14,1,,50,1.8,90.0,0.82,1.8,0.82,1.23,VETWORLD,VERIDIANA SERRA,5,2025,5,Segunda-feira,40.94,49.06,Faturada
GO MED HOSPITALAR,V,4157,ALCOOL 70% SWAB SACHE C/100 - STERILANCE UN,MATERIAL HOSPITALAR,AL,05/05/2025,,,1,59,41595.24,62,1,,1900,0.09,171.0,0.04,0.09,0.04,0.06,INSTITUTO DE DESENV. ENSINO E ASSIST. A SAUDE -IDEAS,DENIS SOUSA,5,2025,5,Segunda-feira,76.0,95.0,Faturada
GO MED HOSPITALAR,V,4157,CATETER INTRAVENOSO C/DISP SEG 20G. UN,MATERIAL HOSPITALAR,AL,05/05/2025,,,1,59,41595.24,62,1,,200,2.15,430.0,1.72,2.15,1.72,2.48,INSTITUTO DE DESENV. ENSINO E ASSIST. A SAUDE -IDEAS,DENIS SOUSA,5,2025,5,Segunda-feira,343.42,86.58,Faturada
GO MED HOSPITALAR,V,4135,CATETER INTRAVENOSO C/DISP SEG 22G. UN,MATERIAL HOSPITALAR,AL,02/05/2025,,,1,59,16760.0,11,17,,1000,2.15,2150.0,1.69,2.15,1.69,2.42,INSTITUTO DE DESENV. ENSINO E ASSIST. A SAUDE -IDEAS,DENIS SOUSA,5,2025,2,Sexta-feira,1691.9,458.1,Faturada
GO MED HOSPITALAR,V,4130,ESPECULO VAG DESC. MEDIO N/ESTERIL PC,MATERIAL HOSPITALAR,AL,02/05/2025,,,3,45,5174.0,5,29,,800,1.28,1024.0,1.07,1.28,1.07,1.52,MEDICI HOSPITALAR,CESAR GAMA,5,2025,2,Sexta-feira,852.64,171.36,Faturada
GO MED HOSPITALAR,V,4139,ESPECULO VAG DESC. MEDIO N/ESTERIL PC,MATERIAL HOSPITALAR,AL,02/05/2025,,,1,30,670.0,1,3,,500,1.34,670.0,1.07,1.34,1.07,1.52,MULTI HOSPITAL DIA S/S,CESAR GAMA,5,2025,2,Sexta-feira,532.9,137.1,Faturada
GO MED HOSPITALAR,V,4161,"SOL. CLORETO SODIO 0,9% 500ML FR",MEDICAMENTOS,AL,05/05/2025,,05/05/2025,1,62,18881.9,33,32,05/05/2025,44,7.94,349.36,4.43,7.94,4.43,6.36,INSTITUTO SAO VICENTE FERRER,FABIAN SILVA,5,2025,5,Segunda-feira,195.07,154.29,Faturada
GO MED HOSPITALAR,V,4161,"SOL. CLORETO SODIO 0,9% 500ML FR",MEDICAMENTOS,AL,05/05/2025,,05/05/2025,1,62,18881.9,33,32,05/05/2025,196,7.94,1556.24,4.43,7.94,4.43,6.36,INSTITUTO SAO VICENTE FERRER,FABIAN SILVA,5,2025,5,Segunda-feira,868.93,687.31,Faturada
GO MED HOSPITALAR,V,4157,FILTRO BACTERIANO HMEF ADULTO C/TUBO TRAQUEIA HISERN PC,MATERIAL HOSPITALAR,AL,05/05/2025,,,1,59,41595.24,62,1,,10,9.9,99.0,4.06,9.9,4.06,5.79,INSTITUTO DE DESENV. ENSINO E ASSIST. A SAUDE -IDEAS,DENIS SOUSA,5,2025,5,Segunda-feira,40.56,58.44,Faturada
GO MED HOSPITALAR,V,4138,"FITA MICROPORE 10CM X 4,5M RL",MATERIAL HOSPITALAR,AL,02/05/2025,,,1,30,1717.1,3,2,,120,5.33,639.6,4.23,5.33,4.23,6.09,LIMO MED DISTRIBUIDORA LTDA,FABIAN SILVA,5,2025,2,Sexta-feira,507.48,132.12,Faturada
GO MED HOSPITALAR,V,4157,SCALP 19G C/ DISP. SEG UN,MATERIAL HOSPITALAR,AL,05/05/2025,,,1,59,41595.24,62,1,,700,0.42,294.0,0.32,0.42,0.32,0.46,INSTITUTO DE DESENV. ENSINO E ASSIST. A SAUDE -IDEAS,DENIS SOUSA,5,2025,5,Segunda-feira,224.84,69.16,Faturada
GO MED HOSPITALAR,V,4157,SCALP 21G C/ DISP. SEG UN,MATERIAL HOSPITALAR,AL,05/05/2025,,,1,59,41595.24,62,1,,1000,0.42,420.0,0.38,0.42,0.38,0.55,INSTITUTO DE DESENV. ENSINO E ASSIST. A SAUDE -IDEAS,DENIS SOUSA,5,2025,5,Segunda-feira,385.0,35.0,Faturada
GO MED HOSPITALAR,V,4157,SONDA ASP.S/FECH TRACH CARE 12FR UN,MATERIAL HOSPITALAR,AL,05/05/2025,,,1,59,41595.24,62,1,,10,59.9,599.0,26.2,59.9,26.2,38.23,INSTITUTO DE DESENV. ENSINO E ASSIST. A SAUDE -IDEAS,DENIS SOUSA,5,2025,5,Segunda-feira,262.0,337.0,Faturada
GO MED HOSPITALAR,V,4157,"SONDA ENDOTRAQUEAL C/BALAO N.7,5MM UN",MATERIAL HOSPITALAR,AL,05/05/2025,,,1,59,41595.24,62,1,,20,4.99,99.8,3.5,4.99,3.51,5.01,INSTITUTO DE DESENV. ENSINO E ASSIST. A SAUDE -IDEAS,DENIS SOUSA,5,2025,5,Segunda-feira,70.08,29.72,Faturada
GO MED HOSPITALAR,V,4143,SULFATO FERROSO (SULFERBEL) 100ML XPE FR,MEDICAMENTOS,AL,05/05/2025,,,1,30,46.09,6,1,,1,4.11,4.11,3.7,4.11,3.7,5.29,THIAGO DA SILVA SOUSA,GERAL VENDAS,5,2025,5,Segunda-feira,3.7,0.41,Faturada
GO MED HOSPITALAR,V,4157,"CURATIVO TRANSP. IV 8,5X11,5CM UN",MATERIAL HOSPITALAR,AL,05/05/2025,,,1,59,41595.24,62,1,,100,5.6,560.0,1.48,5.6,1.48,2.11,INSTITUTO DE DESENV. ENSINO E ASSIST. A SAUDE -IDEAS,DENIS SOUSA,5,2025,5,Segunda-feira,148.0,412.0,Faturada
GO MED HOSPITALAR,V,4157,CURATIVO TRANSP. IV 7X9CM UN,MATERIAL HOSPITALAR,AL,05/05/2025,,,1,59,41595.24,62,1,,200,3.9,780.0,1.22,3.9,1.22,1.75,INSTITUTO DE DESENV. ENSINO E ASSIST. A SAUDE -IDEAS,DENIS SOUSA,5,2025,5,Segunda-feira,244.46,535.54,Faturada
GO MED HOSPITALAR,V,4143,DICLOFENACO DE POTASSIO 50MG CPR,MEDICAMENTOS,AL,05/05/2025,,,1,30,46.09,6,1,,20,0.12,2.49,0.11,0.12,0.11,0.16,THIAGO DA SILVA SOUSA,GERAL VENDAS,5,2025,5,Segunda-feira,2.24,0.25,Faturada
GO MED HOSPITALAR,V,4159,APRESOLINA (HIDRALAZINA) 50MG C/20 CX,MEDICAMENTOS,AL,05/05/2025,,,1,59,95697.18,74,1,,5,22.8,114.0,11.3,22.8,11.3,16.14,INSTITUTO DE DESENV. ENSINO E ASSIST. A SAUDE -IDEAS,DENIS SOUSA,5,2025,5,Segunda-feira,56.48,57.52,Faturada
GO MED HOSPITALAR,V,4162,APRESOLINA (HIDRALAZINA) 50MG C/20 CX,MEDICAMENTOS,AL,05/05/2025,,05/05/2025,1,0,9316.7,14,8,05/05/2025,9,28.2,253.8,11.3,28.2,11.3,16.14,INSTITUTO SAO VICENTE FERRER,FABIAN SILVA,5,2025,5,Segunda-feira,101.67,152.13,Faturada
GO MED HOSPITALAR,V,4144,FLORATIL 200MG C/4 ENV CX CX,MEDICAMENTOS,AL,05/05/2025,,,1,30,198.28,6,1,,1,35.28,35.28,31.76,35.28,31.76,45.36,JETHER R RODRIGUES,GERAL VENDAS,5,2025,5,Segunda-feira,31.76,3.52,Faturada
GO MED HOSPITALAR,V,4144,TROK POM 30G TB TB,MEDICAMENTOS,AL,05/05/2025,,,1,30,198.28,6,1,,1,37.15,37.15,33.43,37.15,33.43,47.75,JETHER R RODRIGUES,GERAL VENDAS,5,2025,5,Segunda-feira,33.43,3.72,Faturada
GO MED HOSPITALAR,V,4157,MASCARA DE PROTECAO PFF2 N95 UN,MATERIAL HOSPITALAR,AL,05/05/2025,,,1,59,41595.24,62,1,,200,1.2,240.0,0.49,1.2,0.49,0.7,INSTITUTO DE DESENV. ENSINO E ASSIST. A SAUDE -IDEAS,DENIS SOUSA,5,2025,5,Segunda-feira,98.0,142.0,Faturada
GO MED HOSPITALAR,V,4159,ESPIRONOLACTONA 25MG C/30CPR (GEN) CX,MEDICAMENTOS,AL,05/05/2025,,,1,59,95697.18,74,1,,3,14.7,44.1,8.85,14.7,8.85,12.64,INSTITUTO DE DESENV. ENSINO E ASSIST. A SAUDE -IDEAS,DENIS SOUSA,5,2025,5,Segunda-feira,26.54,17.56,Faturada
GO MED HOSPITALAR,V,4161,PARACETAMOL 500MG CPR (ABIDOR) CPR,MEDICAMENTOS,AL,05/05/2025,,05/05/2025,1,62,18881.9,33,32,05/05/2025,60,0.19,11.4,0.08,0.19,0.08,0.11,INSTITUTO SAO VICENTE FERRER,FABIAN SILVA,5,2025,5,Segunda-feira,4.62,6.78,Faturada
GO MED HOSPITALAR,V,4157,"CAMPO CIRURGICO FENESTRADO ESTERIL SMS AZUL 0,50X0,50 UN",MATERIAL HOSPITALAR,AL,05/05/2025,,,1,59,41595.24,62,1,,100,5.2,520.0,2.02,5.2,2.02,2.89,INSTITUTO DE DESENV. ENSINO E ASSIST. A SAUDE -IDEAS,DENIS SOUSA,5,2025,5,Segunda-feira,202.18,317.82,Faturada
GO MED HOSPITALAR,V,4157,AVENTAL TRILAMINADO DE PROC.DESC.MANGA LONGA 50G PC,MATERIAL HOSPITALAR,AL,05/05/2025,,,1,59,41595.24,62,1,,5,69.0,345.0,48.64,69.0,48.64,69.49,INSTITUTO DE DESENV. ENSINO E ASSIST. A SAUDE -IDEAS,DENIS SOUSA,5,2025,5,Segunda-feira,243.22,101.78,Faturada
GO MED HOSPITALAR,V,4157,"AGULHA DESC. C/ DISP. SEG. 40 X 1,20MM UN",MATERIAL HOSPITALAR,AL,05/05/2025,,,1,59,41595.24,62,1,,10000,0.31,3100.0,0.19,0.31,0.19,0.27,INSTITUTO DE DESENV. ENSINO E ASSIST. A SAUDE -IDEAS,DENIS SOUSA,5,2025,5,Segunda-feira,1905.0,1195.0,Faturada
GO MED HOSPITALAR,V,4159,CIPROFLOXACINO 500MG. CX,MEDICAMENTOS,AL,05/05/2025,,,1,59,95697.18,74,1,,6,6.86,41.16,5.89,6.86,5.89,8.42,INSTITUTO DE DESENV. ENSINO E ASSIST. A SAUDE -IDEAS,DENIS SOUSA,5,2025,5,Segunda-feira,35.36,5.8,Faturada
GO MED HOSPITALAR,V,4151,"AGULHA DESC. 40 X 1,20MM UN",MATERIAL HOSPITALAR,CL,05/05/2025,,,2,30,839.1,14,1,,400,0.08,34.0,0.07,0.08,0.07,0.09,VETWORLD,VERIDIANA SERRA,5,2025,5,Segunda-feira,26.48,7.52,Faturada
GO MED HOSPITALAR,V,4159,PARACETAMOL 200MG/ML [GTS] 10ML FRS,MEDICAMENTOS,AL,05/05/2025,,,1,59,95697.18,74,1,,10,2.45,24.5,1.54,2.45,1.54,2.2,INSTITUTO DE DESENV. ENSINO E ASSIST. A SAUDE -IDEAS,DENIS SOUSA,5,2025,5,Segunda-feira,15.4,9.1,Faturada
GO MED HOSPITALAR,V,4157,LANCETA P/GLICEMIA 28G C/DISP SEG C/100 CX,MATERIAL HOSPITALAR,AL,05/05/2025,,,1,59,41595.24,62,1,,40,36.0,1440.0,9.64,36.0,9.64,13.76,INSTITUTO DE DESENV. ENSINO E ASSIST. A SAUDE -IDEAS,DENIS SOUSA,5,2025,5,Segunda-feira,385.4,1054.6,Faturada
GO MED HOSPITALAR,V,4159,DIPIRONA SOD. 500MG CPR (GEN) CPR,MEDICAMENTOS,AL,05/05/2025,,,1,59,95697.18,74,1,,330,0.49,161.7,0.23,0.49,0.23,0.33,INSTITUTO DE DESENV. ENSINO E ASSIST. A SAUDE -IDEAS,DENIS SOUSA,5,2025,5,Segunda-feira,76.03,85.67,Faturada
GO MED HOSPITALAR,V,4159,QUETIAPINA 25MG (C1) C/30 CPR CX,MEDICAMENTOS,AL,05/05/2025,,,1,59,95697.18,74,1,,3,24.6,73.8,16.81,24.6,16.81,16.81,INSTITUTO DE DESENV. ENSINO E ASSIST. A SAUDE -IDEAS,DENIS SOUSA,5,2025,5,Segunda-feira,50.42,23.38,Faturada
GO MED HOSPITALAR,V,4143,PREDNISONA 5MG CPR (GEN) CX,MEDICAMENTOS,AL,05/05/2025,,,1,30,46.09,6,1,,4,2.89,11.56,2.6,2.89,2.6,3.72,THIAGO DA SILVA SOUSA,GERAL VENDAS,5,2025,5,Segunda-feira,10.42,1.14,Faturada
GO MED HOSPITALAR,V,4144,METRONIDAZOL GEL VAG 50G (FLAGIMAX) BG,MEDICAMENTOS,AL,05/05/2025,,,1,30,198.28,6,1,,2,7.72,15.44,6.94,7.72,6.94,9.91,JETHER R RODRIGUES,GERAL VENDAS,5,2025,5,Segunda-feira,13.88,1.56,Faturada
GO MED HOSPITALAR,V,4131,HIDROXIZINA 2MG/ML C/100ML (GEN) FR,MEDICAMENTOS,AL,02/05/2025,,,1,59,46736.9,17,95,,30,19.4,582.0,9.23,19.4,9.23,9.23,INSTITUTO DE DESENV. ENSINO E ASSIST. A SAUDE -IDEAS,DENIS SOUSA,5,2025,2,Sexta-feira,276.82,305.18,Faturada
GO MED HOSPITALAR,V,4157,"AGULHA DESC. C/ DISP. SEG. 30 X 0,80MM UN",MATERIAL HOSPITALAR,AL,05/05/2025,,,1,59,41595.24,62,1,,2000,0.31,620.0,0.18,0.31,0.18,0.26,INSTITUTO DE DESENV. ENSINO E ASSIST. A SAUDE -IDEAS,DENIS SOUSA,5,2025,5,Segunda-feira,367.8,252.2,Faturada
GO MED HOSPITALAR,V,4134,TOUCA DESC. C/ELASTICO PC,MATERIAL HOSPITALAR,AL,02/05/2025,,,1,21,496.9,6,3,,1,8.0,8.0,5.63,8.0,5.63,8.05,COAPH,DENIS SOUSA,5,2025,2,Sexta-feira,5.63,2.37,Faturada
GO MED HOSPITALAR,V,4162,ESPIRONOLACTONA 25MG CPR,MEDICAMENTOS,AL,05/05/2025,,05/05/2025,1,0,9316.7,14,8,05/05/2025,120,0.5,60.0,0.28,0.5,0.28,0.4,INSTITUTO SAO VICENTE FERRER,FABIAN SILVA,5,2025,5,Segunda-feira,33.6,26.4,Faturada
GO MED HOSPITALAR,V,4135,SONDA NASOGASTRICA LONGA N.16 UN,MATERIAL HOSPITALAR,AL,02/05/2025,,,1,59,16760.0,11,17,,20,1.9,38.0,0.9,1.9,0.9,1.28,INSTITUTO DE DESENV. ENSINO E ASSIST. A SAUDE -IDEAS,DENIS SOUSA,5,2025,2,Sexta-feira,17.95,20.05,Faturada
GO MED HOSPITALAR,V,4135,SONDA NASOGASTRICA LONGA N.16 UN,MATERIAL HOSPITALAR,AL,02/05/2025,,,1,59,16760.0,11,17,,10,1.9,19.0,0.9,1.9,0.9,1.28,INSTITUTO DE DESENV. ENSINO E ASSIST. A SAUDE -IDEAS,DENIS SOUSA,5,2025,2,Sexta-feira,8.97,10.03,Faturada
GO MED HOSPITALAR,V,4157,SONDA NASOGASTRICA LONGA N.16 UN,MATERIAL HOSPITALAR,AL,05/05/2025,,,1,59,41595.24,62,1,,30,1.9,57.0,0.9,1.9,0.9,1.28,INSTITUTO DE DESENV. ENSINO E ASSIST. A SAUDE -IDEAS,DENIS SOUSA,5,2025,5,Segunda-feira,26.92,30.08,Faturada
GO MED HOSPITALAR,V,4157,SERINGA DESC. 10ML S/AG LUER LOCK UN,MATERIAL HOSPITALAR,AL,05/05/2025,,,1,59,41595.24,62,1,,2000,0.38,760.0,0.21,0.38,0.21,0.3,INSTITUTO DE DESENV. ENSINO E ASSIST. A SAUDE -IDEAS,DENIS SOUSA,5,2025,5,Segunda-feira,416.8,343.2,Faturada
GO MED HOSPITALAR,V,4159,DIAZEPAM 5MG CPR,MEDICAMENTOS,AL,05/05/2025,,,1,59,95697.18,74,1,,30,0.2,6.0,0.05,0.2,0.05,0.08,INSTITUTO DE DESENV. ENSINO E ASSIST. A SAUDE -IDEAS,DENIS SOUSA,5,2025,5,Segunda-feira,1.52,4.48,Faturada
GO MED HOSPITALAR,V,4159,DIAZEPAM 5MG CPR,MEDICAMENTOS,AL,05/05/2025,,,1,59,95697.18,74,1,,570,0.2,114.0,0.05,0.2,0.05,0.08,INSTITUTO DE DESENV. ENSINO E ASSIST. A SAUDE -IDEAS,DENIS SOUSA,5,2025,5,Segunda-feira,28.84,85.16,Faturada
GO MED HOSPITALAR,V,4159,SIMETICONA 75MG/ML GTS 15ML FR,MEDICAMENTOS,AL,05/05/2025,,,1,59,95697.18,74,1,,30,4.08,122.4,2.87,4.08,2.87,4.1,INSTITUTO DE DESENV. ENSINO E ASSIST. A SAUDE -IDEAS,DENIS SOUSA,5,2025,5,Segunda-feira,86.09,36.31,Faturada
GO MED HOSPITALAR,V,4161,SIMETICONA 75MG/ML GTS 15ML FR,MEDICAMENTOS,AL,05/05/2025,,05/05/2025,1,62,18881.9,33,32,05/05/2025,20,4.99,99.8,2.87,4.99,2.87,4.1,INSTITUTO SAO VICENTE FERRER,FABIAN SILVA,5,2025,5,Segunda-feira,57.39,42.41,Faturada
GO MED HOSPITALAR,V,4138,CLINDAMICINA 150MG/ML AMP (GEN) AMP,MEDICAMENTOS,AL,02/05/2025,,,1,30,1717.1,3,2,,300,3.25,975.0,2.6,3.25,2.6,3.71,LIMO MED DISTRIBUIDORA LTDA,FABIAN SILVA,5,2025,2,Sexta-feira,780.0,195.0,Faturada
GO MED HOSPITALAR,V,4156,AZITROMICINA 500MG CPR CPR,MEDICAMENTOS,AL,05/05/2025,,,1,30,14.75,1,1,,15,0.98,14.75,0.88,0.98,0.88,1.26,DENIS DA SILVA SOUSA,GERAL VENDAS,5,2025,5,Segunda-feira,13.28,1.48,Faturada
GO MED HOSPITALAR,V,4157,ELETRODO ECG ADULTO PACOTE C/ 50 UNIDADES UN,MATERIAL HOSPITALAR,AL,05/05/2025,,,1,59,41595.24,62,1,,2000,0.35,700.0,0.21,0.35,0.21,0.31,INSTITUTO DE DESENV. ENSINO E ASSIST. A SAUDE -IDEAS,DENIS SOUSA,5,2025,5,Segunda-feira,429.0,271.0,Faturada
GO MED HOSPITALAR,V,4135,LUVA DE PROCEDIMENTO.(P) C/100 CX,MATERIAL HOSPITALAR,AL,02/05/2025,,,1,59,16760.0,11,17,,50,32.9,1645.0,24.5,32.9,24.5,35.0,INSTITUTO DE DESENV. ENSINO E ASSIST. A SAUDE -IDEAS,DENIS SOUSA,5,2025,2,Sexta-feira,1225.0,420.0,Faturada
GO MED HOSPITALAR,V,4141,ANLODIPINO 5MG CX,MEDICAMENTOS,AL,05/05/2025,,,1,30,8.62,3,1,,2,2.22,4.44,2.0,2.22,2.0,2.86,SUELEN GONCALVES DA SILVA,GERAL VENDAS,5,2025,5,Segunda-feira,4.0,0.44,Faturada
GO MED HOSPITALAR,V,4162,ANLODIPINO 5MG CX,MEDICAMENTOS,AL,05/05/2025,,05/05/2025,1,0,9316.7,14,8,05/05/2025,4,3.6,14.4,2.0,3.6,2.0,2.86,INSTITUTO SAO VICENTE FERRER,FABIAN SILVA,5,2025,5,Segunda-feira,8.0,6.4,Faturada
GO MED HOSPITALAR,V,4162,GEL P/ULTRASSOM 5KG GL,HOSPITALAR,AL,05/05/2025,,05/05/2025,1,0,9316.7,14,8,05/05/2025,1,53.9,53.9,30.19,53.9,30.19,43.13,INSTITUTO SAO VICENTE FERRER,FABIAN SILVA,5,2025,5,Segunda-feira,30.19,23.71,Faturada
GO MED HOSPITALAR,V,4157,EXTENSAO P/ ASPIRACAO 2 MTS UN,MATERIAL HOSPITALAR,AL,05/05/2025,,,1,59,41595.24,62,1,,100,6.9,690.0,2.49,6.9,2.49,3.56,INSTITUTO DE DESENV. ENSINO E ASSIST. A SAUDE -IDEAS,DENIS SOUSA,5,2025,5,Segunda-feira,248.94,441.06,Faturada
GO MED HOSPITALAR,V,4157,"ATADURA CREPOM 15CM X 1,2M 13 FIOS UN",MATERIAL HOSPITALAR,AL,05/05/2025,,,1,59,41595.24,62,1,,400,1.3,520.0,0.63,1.3,0.63,0.9,INSTITUTO DE DESENV. ENSINO E ASSIST. A SAUDE -IDEAS,DENIS SOUSA,5,2025,5,Segunda-feira,253.16,266.84,Faturada
GO MED HOSPITALAR,V,4162,ROCURONIO 10MG/ML 5ML F/A GEN UN,MEDICAMENTOS,AL,05/05/2025,,05/05/2025,1,0,9316.7,14,8,05/05/2025,50,19.87,993.5,10.9,19.87,10.9,15.57,INSTITUTO SAO VICENTE FERRER,FABIAN SILVA,5,2025,5,Segunda-feira,545.0,448.5,Faturada
GO MED HOSPITALAR,V,4163,CONJUNTO AUXILIAR PAPANICOLAU ESTERIL UN,MATERIAL HOSPITALAR,AL,06/05/2025,,,1,30,267.0,1,1,,300,0.89,267.0,0.71,0.89,0.71,1.01,HOSPITAL SAO RAIMUNDO,VERIDIANA SERRA,5,2025,6,Terça-feira,211.74,55.26,Faturada
GO MED HOSPITALAR,V,4135,SERINGA DESC. 03ML S/AG LUER SLIP UN,MATERIAL HOSPITALAR,AL,02/05/2025,,,1,59,16760.0,11,17,,7000,0.2,1400.0,0.11,0.2,0.11,0.15,INSTITUTO DE DESENV. ENSINO E ASSIST. A SAUDE -IDEAS,DENIS SOUSA,5,2025,2,Sexta-feira,745.5,654.5,Faturada
GO MED HOSPITALAR,V,4157,"ACIDO PERACETICO 0,2% (VIC PERACETICO) 5LT UN",MEDICAMENTOS,AL,05/05/2025,,,1,59,41595.24,62,1,,10,240.0,2400.0,105.18,240.0,105.18,150.24,INSTITUTO DE DESENV. ENSINO E ASSIST. A SAUDE -IDEAS,DENIS SOUSA,5,2025,5,Segunda-feira,1051.76,1348.24,Faturada
GO MED HOSPITALAR,V,4157,"CLOREXIDINA 0,2% 100ML (CHLORDERM) FR",MEDICAMENTOS,AL,05/05/2025,,,1,59,41595.24,62,1,,45,3.2,144.0,1.25,3.2,1.25,1.78,INSTITUTO DE DESENV. ENSINO E ASSIST. A SAUDE -IDEAS,DENIS SOUSA,5,2025,5,Segunda-feira,56.02,87.98,Faturada
GO MED HOSPITALAR,V,4159,"CLOREXIDINA 0,12% SOL.BUCAL 250ML (CHLORDENT) FR",MEDICAMENTOS,AL,05/05/2025,,,1,59,95697.18,74,1,,10,13.04,130.4,7.38,13.04,7.38,9.86,INSTITUTO DE DESENV. ENSINO E ASSIST. A SAUDE -IDEAS,DENIS SOUSA,5,2025,5,Segunda-feira,73.77,56.63,Faturada
GO MED HOSPITALAR,V,4157,TOALHA TISSY 30X35CM (DESCARTAVEL PCT 100UN) IPT PC,MATERIAL HOSPITALAR,AL,05/05/2025,,,1,59,41595.24,62,1,,3,59.9,179.7,38.54,59.9,38.54,55.05,INSTITUTO DE DESENV. ENSINO E ASSIST. A SAUDE -IDEAS,DENIS SOUSA,5,2025,5,Segunda-feira,115.62,64.08,Faturada
GO MED HOSPITALAR,V,4159,"DEXAMETASONA 4MG/ML 2,5ML AMP",MEDICAMENTOS,AL,05/05/2025,,,1,59,95697.18,74,1,,4000,2.2,8800.0,0.94,2.2,0.94,1.33,INSTITUTO DE DESENV. ENSINO E ASSIST. A SAUDE -IDEAS,DENIS SOUSA,5,2025,5,Segunda-feira,3750.8,5049.2,Faturada
GO MED HOSPITALAR,V,4161,"DEXAMETASONA 4MG/ML 2,5ML AMP",MEDICAMENTOS,AL,05/05/2025,,05/05/2025,1,62,18881.9,33,32,05/05/2025,400,1.65,660.0,0.94,1.65,0.94,1.33,INSTITUTO SAO VICENTE FERRER,FABIAN SILVA,5,2025,5,Segunda-feira,375.08,284.92,Faturada
GO MED HOSPITALAR,V,4144,VITAMINA D3 (COLECALCIFEROL) 50.000UI CX,MEDICAMENTOS,AL,05/05/2025,,,1,30,198.28,6,1,,1,65.55,65.55,59.0,65.55,59.0,84.28,JETHER R RODRIGUES,GERAL VENDAS,5,2025,5,Segunda-feira,59.0,6.55,Faturada
GO MED HOSPITALAR,V,4143,VITAMINA D3 (COLECALCIFEROL) 7.000UI CX,MEDICAMENTOS,AL,05/05/2025,,,1,30,46.09,6,1,,1,18.93,18.93,17.04,18.93,17.04,24.34,THIAGO DA SILVA SOUSA,GERAL VENDAS,5,2025,5,Segunda-feira,17.04,1.89,Faturada
GO MED HOSPITALAR,V,4157,"AGULHA DESC. C/ DISP. SEG. 13 X 4,5MM UN",MATERIAL HOSPITALAR,AL,05/05/2025,,,1,59,41595.24,62,1,,400,0.31,124.0,0.22,0.31,0.22,0.31,INSTITUTO DE DESENV. ENSINO E ASSIST. A SAUDE -IDEAS,DENIS SOUSA,5,2025,5,Segunda-feira,86.8,37.2,Faturada
GO MED HOSPITALAR,V,4153,"ESPARADRAPO 10CM X 4,5M UN",MATERIAL HOSPITALAR,AL,05/05/2025,,,1,30,736.5,4,4,,6,8.0,48.0,6.43,8.0,6.43,9.18,SAO CARLOS DIAGNOSTICO POR IMAGEM,FABIAN SILVA,5,2025,5,Segunda-feira,38.57,9.43,Faturada
GO MED HOSPITALAR,V,4155,"ESPARADRAPO 10CM X 4,5M UN",MATERIAL HOSPITALAR,AL,05/05/2025,,,1,30,660.0,3,4,,2,8.0,16.0,6.43,8.0,6.43,9.18,CLINICA BEROALDO JUREMA,FABIAN SILVA,5,2025,5,Segunda-feira,12.86,3.14,Faturada
GO MED HOSPITALAR,V,4159,LIDOCAINA 2% GEL 30G (LIDOGEL) BG,MEDICAMENTOS,AL,05/05/2025,,,1,59,95697.18,74,1,,30,11.2,336.0,6.59,11.2,6.59,9.41,INSTITUTO DE DESENV. ENSINO E ASSIST. A SAUDE -IDEAS,DENIS SOUSA,5,2025,5,Segunda-feira,197.7,138.3,Faturada
GO MED HOSPITALAR,V,4157,"COMPRESSA DE GAZE 7,5CMX7,5CM 11 FIOS C/05 (HERIKA) UN",MATERIAL HOSPITALAR,AL,05/05/2025,,,1,59,41595.24,62,1,,1500,0.95,1425.0,0.25,0.95,0.25,0.34,INSTITUTO DE DESENV. ENSINO E ASSIST. A SAUDE -IDEAS,DENIS SOUSA,5,2025,5,Segunda-feira,374.55,1050.45,Faturada
GO MED HOSPITALAR,V,4157,FIO NYLON 3-0 C/AG 3/8 CIRC TRIA CX CX,MATERIAL HOSPITALAR,AL,05/05/2025,,,1,59,41595.24,62,1,,4,47.76,191.04,24.5,47.76,24.5,35.0,INSTITUTO DE DESENV. ENSINO E ASSIST. A SAUDE -IDEAS,DENIS SOUSA,5,2025,5,Segunda-feira,98.0,93.04,Faturada
GO MED HOSPITALAR,V,4157,FRASCO NUTRICAO ENTERAL 300ML C/ ALCA UN,MATERIAL HOSPITALAR,AL,05/05/2025,,,1,59,41595.24,62,1,,300,1.89,567.0,0.6,1.89,0.6,0.85,INSTITUTO DE DESENV. ENSINO E ASSIST. A SAUDE -IDEAS,DENIS SOUSA,5,2025,5,Segunda-feira,179.22,387.78,Faturada
GO MED HOSPITALAR,V,4144,TROMBOFOB GEL 40G BG,MEDICAMENTOS,AL,05/05/2025,,,1,30,198.28,6,1,,1,29.78,29.78,26.8,29.78,26.8,38.28,JETHER R RODRIGUES,GERAL VENDAS,5,2025,5,Segunda-feira,26.8,2.98,Faturada
GO MED HOSPITALAR,V,4145,DIPIRONA MONOIDRATADA 1G (GEN) CX,MEDICAMENTOS,AL,05/05/2025,,,1,30,47.83,4,1,,4,5.84,23.36,5.25,5.84,5.25,7.51,VERIDIANA RIBEIRO SERRA AZUL,GERAL VENDAS,5,2025,5,Segunda-feira,21.02,2.34,Faturada
GO MED HOSPITALAR,V,4161,CEFTRIAXONA 1G IV FA S/D AMPLOSPEC FR,MEDICAMENTOS,AL,05/05/2025,,05/05/2025,1,62,18881.9,33,32,05/05/2025,100,9.8,980.0,5.5,9.8,5.5,7.86,INSTITUTO SAO VICENTE FERRER,FABIAN SILVA,5,2025,5,Segunda-feira,550.0,430.0,Faturada
GO MED HOSPITALAR,V,4162,CEFTRIAXONA 1G IV FA S/D AMPLOSPEC FR,MEDICAMENTOS,AL,05/05/2025,,05/05/2025,1,0,9316.7,14,8,05/05/2025,400,9.6,3840.0,5.5,9.6,5.5,7.86,INSTITUTO SAO VICENTE FERRER,FABIAN SILVA,5,2025,5,Segunda-feira,2200.0,1640.0,Faturada
GO MED HOSPITALAR,V,4151,SONDA URETRAL N.08 UN,MATERIAL HOSPITALAR,CL,05/05/2025,,,2,30,839.1,14,1,,20,0.7,14.0,0.52,0.7,0.53,0.76,VETWORLD,VERIDIANA SERRA,5,2025,5,Segunda-feira,10.48,3.52,Faturada
GO MED HOSPITALAR,V,4164,CATETER INTRAVENOSO 20G. UN,MATERIAL HOSPITALAR,AL,06/05/2025,,,1,28,904.0,3,1,,500,0.74,370.0,0.59,0.74,0.59,0.86,CEARENSE COMERCIO DE PROD HOSPITALARES EIRELI,CESAR GAMA,5,2025,6,Terça-feira,296.15,73.85,Faturada
GO MED HOSPITALAR,V,4133,"MANTA P/ESTERIL (WRAPS) LEVE SSMMS 1,00X1,00 PT/50 PC",MATERIAL HOSPITALAR,AL,02/05/2025,,,1,28,453.0,2,2,,4,77.0,308.0,61.14,77.0,61.26,87.51,CMF DISTRIBUIDORA DE MEDICAMENTOS LTDA,CESAR GAMA,5,2025,2,Sexta-feira,244.56,63.44,Faturada
GO MED HOSPITALAR,V,4161,BESILATO DE ANLODIPINO 5MG C/30 COMP CX,MEDICAMENTOS,AL,05/05/2025,,05/05/2025,1,62,18881.9,33,32,05/05/2025,1,7.5,7.5,4.2,7.5,4.2,6.0,INSTITUTO SAO VICENTE FERRER,FABIAN SILVA,5,2025,5,Segunda-feira,4.2,3.3,Faturada
GO MED HOSPITALAR,V,4160,LUVA DE PROCEDIMENTO.(G) C/100 CX CX,MATERIAL HOSPITALAR,AL,05/05/2025,,,1,30,321.8,3,2,,10,22.5,225.0,17.96,22.5,17.96,25.74,VIDEOSCOPIA DO CEARA LTDA,JORGE TOTE,5,2025,5,Segunda-feira,179.58,45.42,Faturada
GO MED HOSPITALAR,V,4169,COLETOR DE URINA SF 2000ML UN,MATERIAL HOSPITALAR,AL,06/05/2025,,,2,35,5587.36,9,1,,80,3.9,312.0,3.2,3.9,3.2,4.57,CEARENSE COMERCIO DE PROD HOSPITALARES EIRELI,CESAR GAMA,5,2025,6,Terça-feira,256.0,56.0,Faturada
GO MED HOSPITALAR,V,4169,LAMINA DE BISTURI N.15 UN,MATERIAL HOSPITALAR,AL,06/05/2025,,,2,35,5587.36,9,1,,277,0.27,75.9,0.22,0.27,0.22,0.31,CEARENSE COMERCIO DE PROD HOSPITALARES EIRELI,CESAR GAMA,5,2025,6,Terça-feira,61.05,14.85,Faturada
GO MED HOSPITALAR,V,4169,LAMINA DE BISTURI N.15 UN,MATERIAL HOSPITALAR,AL,06/05/2025,,,2,35,5587.36,9,1,,23,0.27,6.3,0.22,0.27,0.22,0.31,CEARENSE COMERCIO DE PROD HOSPITALARES EIRELI,CESAR GAMA,5,2025,6,Terça-feira,5.07,1.23,Faturada
GO MED HOSPITALAR,V,4168,HIDROCORTISONA 500MG (ANDROCORTIL) UN,MEDICAMENTOS,AL,06/05/2025,,,1,28,1661.0,4,3,,200,5.5,1100.0,4.51,5.5,4.52,6.46,CEARENSE COMERCIO DE PROD HOSPITALARES EIRELI,CESAR GAMA,5,2025,6,Terça-feira,902.58,197.42,Faturada
GO MED HOSPITALAR,V,4169,SCALP 21G UN,MATERIAL HOSPITALAR,AL,06/05/2025,,,2,35,5587.36,9,1,,300,0.24,71.4,0.2,0.24,0.2,0.27,CEARENSE COMERCIO DE PROD HOSPITALARES EIRELI,CESAR GAMA,5,2025,6,Terça-feira,58.68,12.72,Faturada
GO MED HOSPITALAR,V,4167,EQUIPO MACROGOTAS COMPLETO LUER SLIP L1 UN,MATERIAL HOSPITALAR,AL,06/05/2025,,,1,30,340.4,3,3,,80,0.73,58.4,0.57,0.73,0.57,0.81,CLINICA DE ULTRASONOGRAFIA E IMAGINOLOGIA DO CEARA L,JORGE TOTE,5,2025,6,Terça-feira,45.6,12.8,Faturada
GO MED HOSPITALAR,V,4169,"COMPRESSA DE GAZE 7,5CMX7,5CM 13 FIOS C/500 REBECCA PC",MATERIAL HOSPITALAR,AL,06/05/2025,,,2,35,5587.36,9,1,,192,21.28,4085.76,17.02,21.28,17.02,24.32,CEARENSE COMERCIO DE PROD HOSPITALARES EIRELI,CESAR GAMA,5,2025,6,Terça-feira,3268.8,816.96,Faturada
GO MED HOSPITALAR,V,4166,ANLODIPINO 5MG CPR,MEDICAMENTOS,AL,06/05/2025,,,1,30,201.4,3,1,,900,0.03,28.8,0.03,0.03,0.02,0.04,ISGH FORTALEZA,VERIDIANA SERRA,5,2025,6,Terça-feira,28.26,0.54,Faturada
GO MED HOSPITALAR,V,4169,SERINGA DESC. 05ML S/AG LUER SLIP UN,MATERIAL HOSPITALAR,AL,06/05/2025,,,2,35,5587.36,9,1,,500,0.16,80.0,0.13,0.16,0.13,0.19,CEARENSE COMERCIO DE PROD HOSPITALARES EIRELI,CESAR GAMA,5,2025,6,Terça-feira,65.4,14.6,Faturada
GO MED HOSPITALAR,V,4168,"LENCOL DESC.C/ELASTICO 2,00M X 0,90CM PCT",MATERIAL HOSPITALAR,AL,06/05/2025,,,1,28,1661.0,4,3,,100,2.06,206.0,1.69,2.06,1.69,2.41,CEARENSE COMERCIO DE PROD HOSPITALARES EIRELI,CESAR GAMA,5,2025,6,Terça-feira,168.61,37.39,Faturada
GO MED HOSPITALAR,V,4169,AVENTAL DESC. MANGA LONGA SOFT 30GR UN,MATERIAL HOSPITALAR,AL,06/05/2025,,,2,35,5587.36,9,1,,500,1.6,800.0,1.3,1.6,1.3,1.86,CEARENSE COMERCIO DE PROD HOSPITALARES EIRELI,CESAR GAMA,5,2025,6,Terça-feira,650.5,149.5,Faturada
GO MED HOSPITALAR,V,4167,CATETER P/OXIGENIO TIPO OCULOS 110CM UN,MATERIAL HOSPITALAR,AL,06/05/2025,,,1,30,340.4,3,3,,120,1.0,120.0,0.79,1.0,0.79,1.13,CLINICA DE ULTRASONOGRAFIA E IMAGINOLOGIA DO CEARA L,JORGE TOTE,5,2025,6,Terça-feira,95.06,24.94,Faturada
GO MED HOSPITALAR,V,4166,ENALAPRIL 5MG CPR,MEDICAMENTOS,AL,06/05/2025,,,1,30,201.4,3,1,,1260,0.04,52.92,0.04,0.04,0.04,0.06,ISGH FORTALEZA,VERIDIANA SERRA,5,2025,6,Terça-feira,48.76,4.16,Faturada
GO MED HOSPITALAR,V,4169,SONDA FOLEY 2 VIAS N.16 30CC UN,MATERIAL HOSPITALAR,AL,06/05/2025,,,2,35,5587.36,9,1,,30,2.6,78.0,2.12,2.6,2.12,3.02,CEARENSE COMERCIO DE PROD HOSPITALARES EIRELI,CESAR GAMA,5,2025,6,Terça-feira,63.52,14.48,Faturada
GO MED HOSPITALAR,V,4169,SONDA FOLEY 2 VIAS N.18 30CC UN,MATERIAL HOSPITALAR,AL,06/05/2025,,,2,35,5587.36,9,1,,30,2.6,78.0,2.0,2.6,2.0,2.86,CEARENSE COMERCIO DE PROD HOSPITALARES EIRELI,CESAR GAMA,5,2025,6,Terça-feira,60.0,18.0,Faturada
GO MED HOSPITALAR,V,4168,INFUSOR 2 VIAS C/CLAMP UN,MATERIAL HOSPITALAR,AL,06/05/2025,,,1,28,1661.0,4,3,,100,0.75,75.0,0.6,0.75,0.6,0.85,CEARENSE COMERCIO DE PROD HOSPITALARES EIRELI,CESAR GAMA,5,2025,6,Terça-feira,59.81,15.19,Faturada
GO MED HOSPITALAR,V,4166,PREDNISONA 5MG CPR (GEN) CPR,MEDICAMENTOS,AL,06/05/2025,,,1,30,201.4,3,1,,1360,0.09,119.68,0.07,0.09,0.07,0.1,ISGH FORTALEZA,VERIDIANA SERRA,5,2025,6,Terça-feira,95.2,24.48,Faturada
GO MED HOSPITALAR,V,4168,"AGULHA DESC. 25 X 0,80MM UN",MATERIAL HOSPITALAR,AL,06/05/2025,,,1,28,1661.0,4,3,,4000,0.07,280.0,0.06,0.07,0.06,0.08,CEARENSE COMERCIO DE PROD HOSPITALARES EIRELI,CESAR GAMA,5,2025,6,Terça-feira,225.6,54.4,Faturada
GO MED HOSPITALAR,V,4170,MUVINLAX - PO CX,MEDICAMENTOS,AL,06/05/2025,,,1,30,1904.0,1,3,,34,56.0,1904.0,42.77,56.0,42.77,67.63,DEPOSITO - ARMAZEM FORTALEZA/CE,VERIDIANA SERRA,5,2025,6,Terça-feira,1454.3,449.7,Faturada
GO MED HOSPITALAR,V,4167,"ESPARADRAPO 10CM X 4,5M UN",MATERIAL HOSPITALAR,AL,06/05/2025,,,1,30,340.4,3,3,,20,8.1,162.0,6.43,8.1,6.43,9.18,CLINICA DE ULTRASONOGRAFIA E IMAGINOLOGIA DO CEARA L,JORGE TOTE,5,2025,6,Terça-feira,128.57,33.43,Faturada
GO MED HOSPITALAR,V,4172,AVENTAL DESC.SEM MANGA SOFT 30GR UN,MATERIAL HOSPITALAR,AL,06/05/2025,,,1,28,500.0,1,2,,500,1.0,500.0,0.82,1.0,0.82,1.17,CEARENSE COMERCIO DE PROD HOSPITALARES EIRELI,CESAR GAMA,5,2025,6,Terça-feira,409.5,90.5,Faturada
GO MED HOSPITALAR,V,4174,DESLORATADINA XPE C/60ML FR FRA,MEDICAMENTOS,AL,06/05/2025,,,1,45,8.53,1,1,,1,8.53,8.53,7.67,8.53,7.67,10.96,VERIDIANA RIBEIRO SERRA AZUL,GERAL VENDAS,5,2025,6,Terça-feira,7.67,0.86,Faturada
GO MED HOSPITALAR,O,4173,MASCARA DE PROTECAO PFF2 N95 UN,MATERIAL HOSPITALAR,AL,06/05/2025,,,0,0,0.49,1,1,,1,0.49,0.49,0.49,0.49,0.49,0.7,ASSOCIACAO BENEFICENTE CISNE,VERIDIANA SERRA,5,2025,6,Terça-feira,0.49,0.0,Faturada
GO MED HOSPITALAR,V,4171,SONDA NASOGASTRICA LONGA N.18 UN,MATERIAL HOSPITALAR,AL,06/05/2025,,,1,30,454.0,2,7,,40,1.45,58.0,1.16,1.45,1.16,1.66,HOSPITAL SAO RAIMUNDO,VERIDIANA SERRA,5,2025,6,Terça-feira,46.41,11.59,Faturada
GO MED HOSPITALAR,V,4171,SERINGA DESC. 10ML S/AG LUER LOCK UN,MATERIAL HOSPITALAR,AL,06/05/2025,,,1,30,454.0,2,7,,1500,0.26,396.0,0.21,0.26,0.21,0.3,HOSPITAL SAO RAIMUNDO,VERIDIANA SERRA,5,2025,6,Terça-feira,312.6,83.4,Faturada
